MONTH,DAY_OF_WEEK,DEP_TIME_BLK,DISTANCE_GROUP,SEGMENT_NUMBER,CONCURRENT_FLIGHTS,NUMBER_OF_SEATS,CARRIER_NAME,AIRPORT_FLIGHTS_MONTH,AIRLINE_FLIGHTS_MONTH,AIRLINE_AIRPORT_FLIGHTS_MONTH,AVG_MONTHLY_PASS_AIRPORT,AVG_MONTHLY_PASS_AIRLINE,FLT_ATTENDANTS_PER_PASS,GROUND_SERV_PER_PASS,PLANE_AGE,DEPARTING_AIRPORT,LATITUDE,LONGITUDE,PREVIOUS_AIRPORT,PRCP,SNOW,SNWD,TMAX,AWND,DEP_DEL15,LR_PROB,DT_PROB
0.1818181818181818,0.6666666666666666,0.5555555555555556,0.20000000000000004,0.21428571428571427,0.24074074074074076,0.08532423208191126,0.75,0.31809930905258227,0.1903500793608332,0.1361971056970141,0.20602837828871168,0.08179791087057646,0.003596177532756211,0.5259753879653215,0.34375,0.7684210526315789,0.4777083479604015,0.8817813678436749,0.2563380281690141,0.0,0.0,0.0,0.624,0.13232682060390763,0,0.19944556548207432,0.21224671625470795
0.7272727272727273,0.9999999999999999,0.9444444444444444,0.4,0.0,0.05555555555555555,0.28668941979522183,0.125,0.16512472186438693,0.6326663456565549,0.17411613848690236,0.3126654614411254,0.8730825019821128,0.2818775319682194,0.7669683459233042,0.1875,0.5052631578947369,0.17206112944370333,0.846974631470689,0.6084507042253522,0.0,0.0,0.0,0.832,0.17229129662522202,0,0.24949404172831163,0.36937394699542697
0.9999999999999999,0.0,0.7777777777777777,0.20000000000000004,0.2857142857142857,0.12962962962962965,0.10921501706484643,0.4375,0.12469258695397588,0.15637650919337293,0.031232826525004583,0.11701451741892377,0.05725000106513142,0.0,0.389352166528466,0.15625,0.7263157894736842,0.4080366963888693,0.86308707576277,0.8929577464788733,0.0,0.0,0.0,0.48000000000000004,0.23179396092362345,0,0.23393336962327355,0.21224671625470795
0.6363636363636364,0.33333333333333337,0.6666666666666666,0.5000000000000001,0.07142857142857142,0.19444444444444442,0.7918088737201365,1.0,0.29019791544677365,0.4469530790219892,0.21670635647554495,0.38138590072371736,0.621869201085582,0.728469163216533,1.0,0.53125,0.5473684210526316,0.5208640501766949,0.9124742886527254,0.8028169014084507,0.1453138435081685,0.0,0.0,0.752,0.12581409117821196,0,0.43091918838299864,0.4277788680726438
0.7272727272727273,0.6666666666666666,0.16666666666666666,0.1,0.0,0.018518518518518517,0.10921501706484643,0.6875,0.008139126361400628,0.11564389278262266,0.0030683275325151123,0.012837165337465092,0.05562658583545617,0.0,0.3794301593737799,0.0625,0.968421052631579,0.41559596526948905,0.6798080219403497,0.6084507042253522,0.0,0.0,0.0,0.84,0.1853167554766134,0,0.09350015091599118,0.07913848534910893
0.9999999999999999,0.0,0.0,0.1,0.0,0.3425925925925926,0.07508532423208189,0.8125,0.7637896709216536,0.578629643500437,0.2423978750686939,0.7061241832423981,0.2323281720291838,0.09813984418242278,0.41409858354947704,0.3125,0.11578947368421053,0.5508670926068946,0.7653411038738429,0.6084507042253522,0.0,0.0,0.0,0.36000000000000004,0.3046181172291296,1,0.09492679564833585,0.07913848534910893
0.9999999999999999,0.9999999999999999,0.6666666666666666,0.0,0.07142857142857142,0.21296296296296297,0.3003412969283276,0.375,0.32565288675488935,0.6769389902448594,0.07025096171459974,0.3263477591768457,0.9285148853085841,0.41378505475033117,0.6379310766886747,0.53125,0.42105263157894735,0.5599007699688735,0.9463918409324648,0.4169014084507042,0.0,0.0,0.0,0.52,0.6755476613380699,0,0.27236510080481313,0.21224671625470795
0.36363636363636365,0.8333333333333334,0.5555555555555556,0.5000000000000001,0.14285714285714285,0.06481481481481481,0.0887372013651877,0.8125,0.13742827028926102,0.5822410072583953,0.013189228796482872,0.14033039321938404,0.2323281720291838,0.09813984418242278,0.41409858354947704,0.03125,0.15789473684210525,0.33717147604671294,0.6694913438464176,0.8028169014084507,0.1702493551160791,0.0,0.0,0.624,0.19863824748371817,0,0.36944759231294766,0.4277788680726438
0.2727272727272727,0.0,0.38888888888888884,0.4,0.0,0.3055555555555555,0.42662116040955633,1.0,0.13575945661084438,0.41179355483031055,0.10711668803810222,0.16526645534476397,0.621869201085582,0.728469163216533,1.0,0.6875,0.9789473684210526,0.4798146457909148,0.8772711690092561,0.6084507042253522,0.0,0.0,0.0,0.568,0.17880402605091772,0,0.1612250290291968,0.14760316732784373
0.1818181818181818,0.5,0.1111111111111111,0.8,0.0,0.28703703703703703,0.447098976109215,0.875,0.36669984775734865,0.9678187362901932,0.28420956219087745,0.42672806875606056,1.0,0.17732779474678284,0.4136087725182285,0.21875,0.4631578947368421,0.4128343747805939,0.4734530339389784,0.6084507042253522,0.0,0.0,0.0,0.5599999999999999,0.36412078152753113,0,0.13142501349324812,0.07913848534910893
0.6363636363636364,0.5,0.8888888888888888,0.9,0.21428571428571427,0.2962962962962963,0.4675767918088737,0.0,0.541896006558145,0.16833413585861287,0.08311961897783478,0.6309663029648315,0.1867189342798414,0.09279779051350562,0.7548621460569017,0.09375,0.4421052631578947,0.3627980996512906,0.4385713061364416,0.8338028169014085,0.0,0.0,0.0,0.656,0.2516281823564239,0,0.3011005472944423,0.21224671625470795
0.5454545454545454,0.8333333333333334,0.05555555555555555,0.0,0.0,0.09259259259259259,0.10921501706484643,0.4375,0.08941328024358824,0.14242148627681772,0.045154790254625383,0.06841102304091676,0.05725000106513142,0.0,0.389352166528466,0.375,0.12631578947368421,0.48229539656907483,0.8000192835104559,0.6084507042253522,0.0,0.0,0.0,0.7839999999999999,0.14564831261101244,0,0.07678214179652007,0.07913848534910893
0.36363636363636365,0.8333333333333334,0.16666666666666666,0.6000000000000001,0.07142857142857142,0.23148148148148145,0.4709897610921502,0.9375,0.3782058789085373,0.10907210243789345,0.06750320571533248,0.42672806875606056,0.171586476471634,0.026330430789386714,0.5297091086615016,0.03125,0.4631578947368421,0.4128343747805939,0.4734530339389784,0.8,0.0,0.0,0.0,0.736,0.1193013617525163,0,0.11069750229513768,0.1255118678665223
0.9999999999999999,0.5,0.1111111111111111,0.20000000000000004,0.0,0.14814814814814814,0.4402730375426621,1.0,0.33982316430495374,0.4063452998769462,0.010716248397142334,0.35178461463243144,0.621869201085582,0.728469163216533,1.0,0.1875,0.5157894736842105,0.6189239158417001,0.7084333219060678,0.6084507042253522,0.0,0.0,0.0,0.544,0.13913558318531677,0,0.08191225971536423,0.07913848534910893
0.7272727272727273,0.33333333333333337,0.6666666666666666,0.20000000000000004,0.14285714285714285,0.1111111111111111,0.10921501706484643,0.8125,0.09960182691181636,0.5452624257664117,0.010899432130426817,0.0948781018745409,0.2323281720291838,0.09813984418242278,0.41409858354947704,0.09375,0.35789473684210527,0.4881462238760561,0.6924065821049024,0.8760563380281691,0.0,0.0,0.0,0.728,0.23830669034931914,0,0.19987876767729498,0.21224671625470795
0.5454545454545454,0.9999999999999999,0.38888888888888884,0.30000000000000004,0.14285714285714285,0.07407407407407407,0.3378839590443686,0.875,0.06865558027872116,1.0,0.054130793185565115,0.08363993634732847,1.0,0.17732779474678284,0.4136087725182285,0.40625,0.5894736842105263,0.35657281939666263,0.4443670723345903,0.8760563380281691,0.0,0.0,0.0,0.72,0.23179396092362345,0,0.15017311828230176,0.14760316732784373
0.9090909090909091,0.33333333333333337,0.6666666666666666,0.20000000000000004,0.21428571428571427,0.35185185185185186,0.2252559726962457,0.375,0.33136198618105167,0.663483316391133,0.254533797398791,0.35178461463243144,0.9285148853085841,0.41378505475033117,0.6379310766886747,0.625,0.5157894736842105,0.6189239158417001,0.7084333219060678,0.47887323943661975,0.01633705932932072,0.0,0.0,0.6719999999999999,0.36412078152753113,0,0.2208815245771397,0.3301204749341901
0.7272727272727273,0.5,0.2777777777777778,0.0,0.14285714285714285,0.32407407407407407,0.3378839590443686,0.875,0.35809228246867314,0.9082267758101047,0.02198204799413812,0.3295760252468753,1.0,0.17732779474678284,0.4136087725182285,0.4375,0.17894736842105263,0.5564604835123685,0.8142140898183065,0.29577464788732394,0.0,0.0,0.0,0.6799999999999999,0.11249259917110715,0,0.1231215766580055,0.14760316732784373
0.36363636363636365,0.16666666666666666,0.38888888888888884,0.20000000000000004,0.14285714285714285,0.05555555555555555,0.3378839590443686,0.875,0.09283873989928564,0.9641627877944822,0.03979666605605422,0.07340568566895256,1.0,0.17732779474678284,0.4136087725182285,0.46875,0.6736842105263158,0.5162067916403379,0.8475102845389098,0.15492957746478875,0.0,0.0,0.0,0.696,0.19863824748371817,0,0.1754617078765911,0.14760316732784373
0.1818181818181818,0.16666666666666666,0.3333333333333333,0.0,0.2857142857142857,0.046296296296296294,0.2696245733788396,0.5625,0.08909122848108678,0.011306689494052398,0.12932771569884594,0.15100141204627973,0.0334796759366669,0.34584261342805195,0.8596542776389176,0.5,0.28421052631578947,0.0673781272671955,0.015255399382927859,0.4394366197183099,0.0,0.0,0.0,0.6,0.17229129662522202,0,0.0935354629382359,0.14760316732784373
0.09090909090909091,0.5,0.8333333333333333,0.20000000000000004,0.07142857142857142,0.42592592592592593,0.39590443686006827,0.125,0.6339149783346997,0.576186399871596,0.21954570434145446,0.7061241832423981,0.8730825019821128,0.2818775319682194,0.7669683459233042,0.1875,0.11578947368421053,0.5508670926068946,0.7653411038738429,0.571830985915493,0.0,0.0,0.0,0.296,0.13232682060390763,1,0.2225612437464339,0.21224671625470795
0.8181818181818182,0.6666666666666666,0.5,0.30000000000000004,0.07142857142857142,0.537037037037037,0.4402730375426621,1.0,0.8449467150720226,0.43997110908993636,0.3281736581791537,0.7061241832423981,0.621869201085582,0.728469163216533,1.0,0.34375,0.11578947368421053,0.5508670926068946,0.7653411038738429,0.5183098591549296,0.05073086844368013,0.0,0.0,0.616,0.36412078152753113,0,0.2577574879757976,0.4277788680726438
0.8181818181818182,0.9999999999999999,0.611111111111111,0.1,0.3571428571428571,0.48148148148148145,0.020477815699658702,0.1875,0.8449467150720226,0.1966186934888449,0.277981315259205,0.7061241832423981,0.056624091103983545,1.0,0.44954747284006497,0.4375,0.11578947368421053,0.5508670926068946,0.7653411038738429,0.4056338028169014,0.0,0.0,0.0,0.584,0.21847246891651864,0,0.19903615004403763,0.21224671625470795
0.0,0.0,0.16666666666666666,0.9,0.0,0.5277777777777777,0.4402730375426621,1.0,0.4867373228715306,0.3623490806627076,0.09635464370763877,0.6309663029648315,0.621869201085582,0.728469163216533,1.0,0.3125,0.4421052631578947,0.3627980996512906,0.4385713061364416,0.6084507042253522,0.09286328460877043,0.0,0.0,0.536,0.2516281823564239,0,0.17699312151382762,0.07913848534910893
0.7272727272727273,0.5,0.3333333333333333,0.20000000000000004,0.07142857142857142,0.4444444444444444,0.39590443686006827,0.125,0.8046316898934301,0.6326663456565549,0.24771020333394392,0.7061241832423981,0.8730825019821128,0.2818775319682194,0.7669683459233042,0.15625,0.11578947368421053,0.5508670926068946,0.7653411038738429,0.1915492957746479,0.0,0.0,0.0,0.6719999999999999,0.14564831261101244,0,0.13107269796786675,0.14760316732784373
0.7272727272727273,0.9999999999999999,0.4444444444444444,0.6000000000000001,0.07142857142857142,0.5185185185185185,0.4675767918088737,0.125,0.8046316898934301,0.6326663456565549,0.24771020333394392,0.7061241832423981,0.8730825019821128,0.2818775319682194,0.7669683459233042,0.15625,0.11578947368421053,0.5508670926068946,0.7653411038738429,0.5183098591549296,0.04901117798796216,0.0,0.0,0.608,0.22528123149792778,0,0.22353043516330773,0.3301204749341901
0.9090909090909091,0.6666666666666666,0.3333333333333333,0.20000000000000004,0.07142857142857142,0.18518518518518517,0.2593856655290102,1.0,0.2929207167115587,0.3953150357569597,0.22389631800696097,0.38138590072371736,0.621869201085582,0.728469163216533,1.0,0.53125,0.5473684210526316,0.5208640501766949,0.9124742886527254,0.4366197183098592,0.006018916595012898,0.0,0.0,0.504,0.39727649496743633,0,0.13770329240033477,0.14760316732784373
0.0,0.8333333333333334,0.2222222222222222,0.1,0.0,0.06481481481481481,0.3890784982935154,0.375,0.1863508607565289,0.6056925793162485,0.02115772119435794,0.23817414150962068,0.9285148853085841,0.41378505475033117,0.6379310766886747,0.75,0.23157894736842105,0.4852910201502493,0.885702348303051,0.6084507042253522,0.0,0.0,0.0,0.384,0.06631142687981055,0,0.10840222358204547,0.14760316732784373
0.09090909090909091,0.6666666666666666,0.8333333333333333,0.20000000000000004,0.5714285714285714,0.1111111111111111,0.020477815699658702,0.8125,0.3105750087832299,0.456619050166747,0.128594980765708,0.4280109005782056,0.2323281720291838,0.09813984418242278,0.41409858354947704,0.53125,0.8210526315789474,0.4488520676823702,0.39607259170380527,0.38028169014084506,0.04041272570937231,0.0,0.0,0.504,0.22528123149792778,1,0.3018616137455818,0.3301204749341901
0.1818181818181818,0.8333333333333334,0.38888888888888884,0.6000000000000001,0.07142857142857142,0.08333333333333333,0.447098976109215,0.875,0.1679060779950814,0.9678187362901932,0.2929565854552116,0.1744465023043245,1.0,0.17732779474678284,0.4136087725182285,0.0625,0.10526315789473684,0.546350253925905,0.766990915323963,0.8056338028169014,0.006018916595012898,0.0,0.0,0.44,0.3839550029603316,1,0.18737237220981345,0.14760316732784373
0.7272727272727273,0.16666666666666666,0.5,1.0,0.14285714285714285,0.23148148148148145,0.4675767918088737,0.125,0.48351680524651597,0.6326663456565549,0.1488367832936435,0.6309663029648315,0.8730825019821128,0.2818775319682194,0.7669683459233042,0.0625,0.4421052631578947,0.3627980996512906,0.4385713061364416,0.1915492957746479,0.0,0.0,0.0,0.752,0.22528123149792778,0,0.17090718870357427,0.21224671625470795
0.09090909090909091,0.8333333333333334,0.611111111111111,0.1,0.0,0.21296296296296297,0.3378839590443686,0.875,0.43517976343834175,0.7966400941629662,0.13802894302985894,0.6309663029648315,1.0,0.17732779474678284,0.4136087725182285,0.625,0.4421052631578947,0.3627980996512906,0.4385713061364416,0.6084507042253522,0.12467755803955287,0.0,0.0,0.5599999999999999,0.33777383066903494,0,0.34673780526748177,0.4277788680726438
0.36363636363636365,0.33333333333333337,0.16666666666666666,0.4,0.07142857142857142,0.12037037037037036,0.34470989761092147,0.9375,0.20625951516571028,0.10907210243789345,0.07359406484704159,0.3074922267608962,0.171586476471634,0.026330430789386714,0.5297091086615016,0.40625,0.22105263157894736,0.17866086264597814,0.8484101816935207,0.4028169014084507,0.008598452278589854,0.0,0.0,0.752,0.48342214328004735,0,0.1601170396844871,0.1255118678665223
0.6363636363636364,0.0,0.8333333333333333,0.1,0.4285714285714286,0.046296296296296294,0.3378839590443686,0.875,0.052406604988874575,0.9755586467640397,0.0868748855101667,0.044047695268073436,1.0,0.17732779474678284,0.4136087725182285,0.375,0.2736842105263158,0.3688361534320953,0.43910695920466236,0.5492957746478874,0.0,0.0,0.0,0.744,0.12581409117821196,1,0.2324572177743635,0.21224671625470795
0.2727272727272727,0.8333333333333334,0.8333333333333333,0.0,0.3571428571428571,0.35185185185185186,0.10921501706484643,0.4375,0.9245227778428388,0.13431598095340003,0.1333577578311046,1.0,0.05725000106513142,0.0,0.389352166528466,0.1875,0.042105263157894736,0.3557537035736852,0.8026118443606444,0.7746478873239437,0.0,0.0,0.0,0.744,0.21847246891651864,0,0.2797608028861592,0.21224671625470795
0.1818181818181818,0.33333333333333337,0.05555555555555555,0.7000000000000001,0.0,0.24074074074074076,0.447098976109215,0.875,0.5084026232579928,0.9678187362901932,0.1570800512914453,0.6309663029648315,1.0,0.17732779474678284,0.4136087725182285,0.21875,0.4421052631578947,0.3627980996512906,0.4385713061364416,0.6084507042253522,0.08426483233018056,0.0,0.0,0.568,0.2516281823564239,1,0.17145858254639731,0.07913848534910893
0.8181818181818182,0.5,0.3333333333333333,0.4,0.07142857142857142,0.25,0.4675767918088737,0.125,0.39360580864269823,0.6650170313698215,0.10258289063931122,0.26489499288156393,0.8730825019821128,0.2818775319682194,0.7669683459233042,0.125,0.3894736842105263,0.5228065248426128,0.9156453548165923,0.571830985915493,0.0,0.0,0.0,0.656,0.4769094138543517,1,0.18581470291022079,0.14760316732784373
0.9090909090909091,0.8333333333333334,0.1111111111111111,0.30000000000000004,0.07142857142857142,0.42592592592592593,0.2901023890784983,0.25,0.4027989225904673,0.04911454710823391,0.140318739695915,0.37706292045627837,0.0,0.0,0.8684696622603216,0.34375,0.29473684210526313,0.27014439841793625,0.6857002056907782,0.23943661971830987,0.0,0.0,0.0,0.76,0.5562462995855536,1,0.12260861486877338,0.1255118678665223
0.09090909090909091,0.5,0.7777777777777777,0.30000000000000004,0.21428571428571427,0.23148148148148145,0.4368600682593856,0.125,0.2752664246398876,0.576186399871596,0.08247847591133907,0.20602837828871168,0.8730825019821128,0.2818775319682194,0.7669683459233042,0.03125,0.7684210526315789,0.4777083479604015,0.8817813678436749,0.571830985915493,0.0,0.0,0.0,0.48000000000000004,0.14564831261101244,0,0.2477544712713253,0.21224671625470795
0.2727272727272727,0.6666666666666666,0.5555555555555556,0.8,0.2857142857142857,0.17592592592592593,0.4641638225255973,0.375,0.3681637194050826,0.6796586592477664,0.05193258838615131,0.4280109005782056,0.9285148853085841,0.41378505475033117,0.6379310766886747,0.125,0.8210526315789474,0.4488520676823702,0.39607259170380527,0.5802816901408451,0.0,0.0,0.0,0.616,0.3709295441089402,0,0.22507039145197302,0.21224671625470795
0.6363636363636364,0.33333333333333337,0.4444444444444444,0.0,0.21428571428571427,0.05555555555555555,0.3378839590443686,0.875,0.1740250614826092,0.9755586467640397,0.15561458142516943,0.15415377917365608,1.0,0.17732779474678284,0.4136087725182285,0.4375,0.5368421052631579,0.4139343303143065,0.7784538909838875,0.4028169014084507,0.0,0.0,0.0,0.7839999999999999,0.3839550029603316,0,0.19780024272307567,0.21224671625470795
0.1818181818181818,0.8333333333333334,0.5555555555555556,0.20000000000000004,0.21428571428571427,0.23148148148148145,0.10921501706484643,0.8125,0.25726080337276025,0.5638007597239313,0.17233009708737862,0.2317259908478913,0.2323281720291838,0.09813984418242278,0.41409858354947704,0.375,0.7894736842105263,0.5229235413887523,0.5075741343846418,0.1915492957746479,0.0,0.0,0.0,0.48800000000000004,0.15896980461811724,0,0.18046558011497893,0.21224671625470795
0.1818181818181818,0.5,0.6666666666666666,0.30000000000000004,0.21428571428571427,0.06481481481481481,0.10921501706484643,0.75,0.02989225904672678,0.1903500793608332,0.012777065396592782,0.031091326683251132,0.08179791087057646,0.003596177532756211,0.5259753879653215,0.34375,0.21052631578947367,0.5350464555688174,0.6797758827562563,0.22535211267605634,0.021496130696474634,0.11627906976744186,0.07936507936507936,0.36800000000000005,1.0,1,0.4857192611323001,0.3301204749341901
0.8181818181818182,0.0,0.1111111111111111,0.30000000000000004,0.0,0.28703703703703703,0.447098976109215,0.875,0.30135261740250613,0.9761293314072726,0.14457776149477924,0.40803248288490485,1.0,0.17732779474678284,0.4136087725182285,0.15625,0.6,0.23384586580542477,0.8358437607130613,0.6084507042253522,0.01633705932932072,0.0,0.0,0.7839999999999999,0.3309650680876258,0,0.13455739401993158,0.07913848534910893
0.1818181818181818,0.6666666666666666,0.611111111111111,0.30000000000000004,0.14285714285714285,0.6666666666666666,0.38566552901023887,0.375,0.9573427801850334,0.7005153995684198,0.9692251328082067,1.0,0.9285148853085841,0.41378505475033117,0.6379310766886747,0.84375,0.042105263157894736,0.3557537035736852,0.8026118443606444,0.6901408450704226,0.0008598452278589854,0.0,0.0,0.632,0.20515097690941386,0,0.21494770963313747,0.21224671625470795
0.9999999999999999,0.6666666666666666,0.1111111111111111,0.20000000000000004,0.0,0.037037037037037035,0.10921501706484643,0.8125,0.013350509427333408,0.578629643500437,0.007006777798131526,0.013002233896793735,0.2323281720291838,0.09813984418242278,0.41409858354947704,0.09375,0.06315789473684211,0.3539282454539072,0.7776611244429208,0.6084507042253522,0.007738607050730868,0.0,0.0,0.536,0.08614564831261101,0,0.07957259439738024,0.07913848534910893
0.9999999999999999,0.16666666666666666,0.16666666666666666,0.1,0.07142857142857142,0.4074074074074074,0.020477815699658702,0.8125,0.5868661435765312,0.578629643500437,0.20489100567869573,0.6222891447050592,0.2323281720291838,0.09813984418242278,0.41409858354947704,0.59375,0.9052631578947368,0.4992861990685483,0.5834976002742545,0.6338028169014085,0.0,0.0,0.0,0.4,0.1921255180580225,0,0.10506769902194485,0.1255118678665223
0.1818181818181818,0.0,0.1111111111111111,0.30000000000000004,0.0,0.07407407407407407,0.6279863481228669,0.9375,0.24625248858180115,0.10211688334849214,0.014746290529400989,0.28571737887890747,0.171586476471634,0.026330430789386714,0.5297091086615016,0.125,0.6421052631578947,0.5014861101359732,0.9009363215632499,0.6084507042253522,0.0,0.0,0.0,0.464,0.22528123149792778,0,0.13546339439157068,0.07913848534910893
0.6363636363636364,0.33333333333333337,0.1111111111111111,0.4,0.0,0.23148148148148145,0.4402730375426621,1.0,0.29019791544677365,0.4469530790219892,0.21670635647554495,0.38138590072371736,0.621869201085582,0.728469163216533,1.0,0.1875,0.5473684210526316,0.5208640501766949,0.9124742886527254,0.6084507042253522,0.1453138435081685,0.0,0.0,0.752,0.12581409117821196,1,0.1832725872279817,0.07913848534910893
0.1818181818181818,0.9999999999999999,0.2777777777777778,0.0,0.07142857142857142,0.09259259259259259,0.3378839590443686,0.875,0.14398641527110906,0.9678187362901932,0.2556328997984979,0.14033039321938404,1.0,0.17732779474678284,0.4136087725182285,0.59375,0.15789473684210525,0.33717147604671294,0.6694913438464176,0.6901408450704226,0.0,0.0,0.0,0.544,0.27146240378922437,0,0.13348988382131557,0.14760316732784373
0.5454545454545454,0.33333333333333337,0.2777777777777778,0.1,0.07142857142857142,0.3425925925925926,0.3378839590443686,0.875,0.5435940976695164,1.0,0.1587745008243268,0.6309663029648315,1.0,0.17732779474678284,0.4136087725182285,0.5,0.4421052631578947,0.3627980996512906,0.4385713061364416,0.9746478873239437,0.0,0.0,0.0,0.6799999999999999,0.2581409117821196,0,0.13414554030301742,0.14760316732784373
0.09090909090909091,0.9999999999999999,0.6666666666666666,0.6000000000000001,0.07142857142857142,0.2777777777777778,0.39590443686006827,0.125,0.43517976343834175,0.576186399871596,0.14109727056237406,0.6309663029648315,0.8730825019821128,0.2818775319682194,0.7669683459233042,0.625,0.4421052631578947,0.3627980996512906,0.4385713061364416,0.04507042253521127,0.008598452278589854,0.0,0.0,0.544,0.3111308466548253,1,0.22489311368081125,0.3301204749341901
0.7272727272727273,0.0,0.38888888888888884,0.20000000000000004,0.07142857142857142,0.05555555555555555,0.10921501706484643,0.4375,0.08821290549244643,0.1356981078237298,0.013051840996519508,0.07340568566895256,0.05725000106513142,0.0,0.389352166528466,0.3125,0.6736842105263158,0.5162067916403379,0.8475102845389098,0.5802816901408451,0.0017196904557179708,0.0,0.0,0.688,0.3111308466548253,0,0.15905431577205054,0.14760316732784373
0.0,0.0,0.0,0.4,0.0,0.1111111111111111,0.447098976109215,0.875,0.2651071554046141,0.9075758386389172,0.03901813518959516,0.4400904734021934,1.0,0.17732779474678284,0.4136087725182285,0.21875,0.8631578947368421,0.6788597907744156,0.39681179293795,0.6084507042253522,0.0,0.0,0.0,0.48800000000000004,0.3179396092362345,0,0.09621570501584112,0.07913848534910893
0.7272727272727273,0.9999999999999999,0.611111111111111,0.4,0.07142857142857142,0.10185185185185185,0.447098976109215,0.875,0.09960182691181636,0.9082267758101047,0.08980582524271845,0.0948781018745409,1.0,0.17732779474678284,0.4136087725182285,0.125,0.35789473684210527,0.4881462238760561,0.6924065821049024,0.7154929577464789,0.0,0.0,0.0,0.704,0.13232682060390763,0,0.1900769143448739,0.21224671625470795
0.6363636363636364,0.6666666666666666,0.16666666666666666,0.1,0.07142857142857142,0.37037037037037035,0.020477815699658702,0.8125,0.4516629581918257,0.6108554919479964,0.15149294742626854,0.4280109005782056,0.2323281720291838,0.09813984418242278,0.41409858354947704,0.59375,0.8210526315789474,0.4488520676823702,0.39607259170380527,0.9042253521126761,0.0,0.0,0.0,0.712,0.20515097690941386,0,0.106678418716949,0.1255118678665223
0.09090909090909091,0.5,0.05555555555555555,0.4,0.0,0.16666666666666669,0.3754266211604096,1.0,0.06871413514463053,0.3382198205910153,0.022531599193991576,0.07771236861741695,0.621869201085582,0.728469163216533,1.0,0.59375,0.1368421052631579,0.5375974162746612,0.8302301165581075,0.6084507042253522,0.0,0.0,0.0,0.464,0.33777383066903494,0,0.09828392582683976,0.07913848534910893
0.5454545454545454,0.0,0.2222222222222222,0.7000000000000001,0.07142857142857142,0.7222222222222221,0.5290102389078498,0.375,0.9950228363977046,0.7568259233499189,0.9968858765341637,1.0,0.9285148853085841,0.41378505475033117,0.6379310766886747,0.84375,0.042105263157894736,0.3557537035736852,0.8026118443606444,0.28169014084507044,0.0,0.0,0.0,0.832,0.1853167554766134,0,0.15232210166476778,0.14760316732784373
0.9999999999999999,0.8333333333333334,0.5555555555555556,0.1,0.2857142857142857,0.07407407407407407,0.3378839590443686,0.875,0.06637194050825623,0.960052074973695,0.05243634365268364,0.08363993634732847,1.0,0.17732779474678284,0.4136087725182285,0.28125,0.5894736842105263,0.35657281939666263,0.4443670723345903,0.8056338028169014,0.0,0.0,0.0,0.584,0.13913558318531677,0,0.1526514057361816,0.21224671625470795
0.09090909090909091,0.6666666666666666,0.7777777777777777,0.30000000000000004,0.21428571428571427,0.16666666666666669,0.48805460750853247,0.125,0.14070734278018504,0.576186399871596,0.04703242352079135,0.18718448681488692,0.8730825019821128,0.2818775319682194,0.7669683459233042,0.1875,0.9263157894736842,0.22310374686980727,0.8228809564621186,0.1915492957746479,0.0,0.0,0.0,0.696,0.1654825340438129,0,0.25424628546138517,0.21224671625470795
0.5454545454545454,0.0,0.0,0.20000000000000004,0.0,0.037037037037037035,0.10921501706484643,0.75,0.09026232579927392,0.1901717404098229,0.0456127495878366,0.07435558654633037,0.08179791087057646,0.003596177532756211,0.5259753879653215,0.125,0.30526315789473685,0.49823305015329156,0.7827391155296538,0.6084507042253522,0.0017196904557179708,0.0,0.0,0.688,0.3111308466548253,0,0.08374254570155738,0.07913848534910893
0.7272727272727273,0.0,0.6666666666666666,0.1,0.3571428571428571,0.25,0.28668941979522183,0.125,0.5351914744115236,0.6326663456565549,0.38212126763143434,0.4507836100191261,0.8730825019821128,0.2818775319682194,0.7669683459233042,0.59375,0.18947368421052632,0.3926841255353507,0.8400111415838188,0.4028169014084507,0.0,0.0,0.0,0.84,0.14564831261101244,0,0.2070721130152032,0.21224671625470795
0.2727272727272727,0.9999999999999999,0.3333333333333333,0.20000000000000004,0.14285714285714285,0.09259259259259259,0.2252559726962457,0.375,0.13376859116992623,0.6796586592477664,0.0064114306649569516,0.14033039321938404,0.9285148853085841,0.41378505475033117,0.6379310766886747,0.5625,0.15789473684210525,0.33717147604671294,0.6694913438464176,0.04507042253521127,0.0,0.0,0.0,0.736,0.4304322084073416,0,0.1487275201569215,0.14760316732784373
0.1818181818181818,0.9999999999999999,0.4444444444444444,0.20000000000000004,0.07142857142857142,0.06481481481481481,0.3754266211604096,1.0,0.3063005035718468,0.4228862375831506,0.24184832386884042,0.38138590072371736,0.621869201085582,0.728469163216533,1.0,0.25,0.5473684210526316,0.5208640501766949,0.9124742886527254,0.6647887323943662,0.002579535683576956,0.0,0.0,0.6,0.41711071640023684,0,0.1803098371608784,0.21224671625470795
0.36363636363636365,0.0,0.9444444444444444,0.30000000000000004,0.2857142857142857,0.05555555555555555,0.447098976109215,0.875,0.317484482960534,0.9641627877944822,0.15588935702509615,0.40803248288490485,1.0,0.17732779474678284,0.4136087725182285,0.0625,0.6,0.23384586580542477,0.8358437607130613,0.3943661971830986,0.09286328460877043,0.0,0.0,0.76,0.22528123149792778,0,0.48025923434866746,0.4277788680726438
0.9999999999999999,0.33333333333333337,0.2222222222222222,0.30000000000000004,0.07142857142857142,0.23148148148148145,0.3378839590443686,0.875,0.34895772338681347,0.960052074973695,0.17104781095438723,0.40803248288490485,1.0,0.17732779474678284,0.4136087725182285,0.5625,0.6,0.23384586580542477,0.8358437607130613,0.7802816901408451,0.0,0.0,0.0,0.632,0.36412078152753113,1,0.15358285182794798,0.14760316732784373
0.9090909090909091,0.6666666666666666,0.2222222222222222,0.6000000000000001,0.07142857142857142,0.21296296296296297,0.5017064846416383,0.375,0.23219932076355543,0.663483316391133,0.18025279355193258,0.2317259908478913,0.9285148853085841,0.41378505475033117,0.6379310766886747,0.0625,0.7894736842105263,0.5229235413887523,0.5075741343846418,0.5183098591549296,0.0,0.0,0.0,0.42400000000000004,0.11249259917110715,0,0.09840280319445512,0.14760316732784373
0.36363636363636365,0.8333333333333334,0.611111111111111,0.7000000000000001,0.14285714285714285,0.06481481481481481,0.447098976109215,0.875,0.09330717882656049,0.9641627877944822,0.026332661659644624,0.07771236861741695,1.0,0.17732779474678284,0.4136087725182285,0.21875,0.1368421052631579,0.5375974162746612,0.8302301165581075,0.8760563380281691,0.0,0.0,0.0,0.816,0.41711071640023684,0,0.2797067401162288,0.21224671625470795
0.9090909090909091,0.16666666666666666,0.4444444444444444,0.1,0.14285714285714285,0.25925925925925924,0.3617747440273037,0.125,0.2889097083967678,0.6384266937741873,0.09727056237406119,0.20602837828871168,0.8730825019821128,0.2818775319682194,0.7669683459233042,0.5625,0.7684210526315789,0.4777083479604015,0.8817813678436749,0.22535211267605634,0.013757523645743766,0.0,0.0,0.5599999999999999,0.4304322084073416,0,0.20656702880863073,0.3301204749341901
0.5454545454545454,0.16666666666666666,0.5,0.1,0.2857142857142857,0.046296296296296294,0.2901023890784983,0.25,0.02927743295467853,0.044861163126638494,0.0027477559992672646,0.025144667808255056,0.0,0.0,0.8684696622603216,0.34375,0.9894736842105263,0.3967328980317817,0.6614672608844703,0.3887323943661972,0.0,0.0,0.0,0.768,0.3179396092362345,0,0.17784287430970558,0.21224671625470795
0.36363636363636365,0.16666666666666666,0.7222222222222222,0.1,0.2857142857142857,0.2962962962962963,0.10921501706484643,0.75,0.39436702189951983,0.19517414798566154,0.13285400256457225,0.26489499288156393,0.08179791087057646,0.003596177532756211,0.5259753879653215,0.34375,0.3894736842105263,0.5228065248426128,0.9156453548165923,0.5098591549295775,0.017196904557179708,0.0,0.0,0.49600000000000005,0.23830669034931914,1,0.2733178431572992,0.3301204749341901
0.4545454545454545,0.0,0.8333333333333333,0.20000000000000004,0.3571428571428571,0.25,0.07508532423208189,0.8125,0.3745169223562478,0.5850052609990548,0.050238138853269824,0.4089989139000998,0.2323281720291838,0.09813984418242278,0.41409858354947704,0.4375,0.6526315789473685,0.3509560251819607,0.5071241858073363,0.9183098591549296,0.0,0.0,0.0,0.904,0.17229129662522202,0,0.272834438278655,0.21224671625470795
0.9999999999999999,0.0,1.0,0.9,0.07142857142857142,0.10185185185185185,0.5972696245733788,1.0,0.3672853964164422,0.4063452998769462,0.2029217805458875,0.4280109005782056,0.621869201085582,0.728469163216533,1.0,0.15625,0.8210526315789474,0.4488520676823702,0.39607259170380527,0.8760563380281691,0.0,0.0,0.0,0.528,0.12581409117821196,0,0.300417222018086,0.21224671625470795
0.4545454545454545,0.5,0.05555555555555555,0.5000000000000001,0.0,0.14814814814814814,0.4641638225255973,0.375,0.12966975055627122,0.7276318370695344,0.03535446052390547,0.16991724454243531,0.9285148853085841,0.41378505475033117,0.6379310766886747,0.09375,0.6947368421052631,0.6353764422289312,0.39371571820363394,0.6084507042253522,0.0008598452278589854,0.0,0.0,0.6,0.1853167554766134,0,0.07956408019668539,0.07913848534910893
0.5454545454545454,0.5,0.16666666666666666,0.1,0.07142857142857142,0.5462962962962963,0.0,0.1875,0.7477163602295351,0.20228095518342162,0.24148195640227146,0.660481213265552,0.056624091103983545,1.0,0.44954747284006497,0.53125,0.14736842105263157,0.3382714315804254,0.667595131984916,0.23661971830985917,0.0,0.0,0.0,0.7839999999999999,0.1521610420367081,0,0.10114004395841582,0.1255118678665223
0.6363636363636364,0.33333333333333337,0.3333333333333333,0.20000000000000004,0.14285714285714285,0.12962962962962965,0.3617747440273037,0.125,0.13599367607448182,0.6708932998056106,0.048589485253709465,0.18718448681488692,0.8730825019821128,0.2818775319682194,0.7669683459233042,0.5625,0.9263157894736842,0.22310374686980727,0.8228809564621186,0.22535211267605634,0.030094582975064486,0.0,0.0,0.824,0.14564831261101244,0,0.158273150663306,0.2168508202460431
0.9090909090909091,0.16666666666666666,0.611111111111111,0.0,0.21428571428571427,0.4074074074074074,0.020477815699658702,0.1875,0.7533083499238787,0.17775934941950672,0.24267265066862062,0.7061241832423981,0.056624091103983545,1.0,0.44954747284006497,0.4375,0.11578947368421053,0.5508670926068946,0.7653411038738429,0.7746478873239437,0.0008598452278589854,0.0,0.0,0.40800000000000003,0.08614564831261101,0,0.16110556410284693,0.21224671625470795
0.9090909090909091,0.33333333333333337,0.3333333333333333,0.20000000000000004,0.07142857142857142,0.4166666666666667,0.3003412969283276,0.375,0.23219932076355543,0.663483316391133,0.18025279355193258,0.2317259908478913,0.9285148853085841,0.41378505475033117,0.6379310766886747,0.53125,0.7894736842105263,0.5229235413887523,0.5075741343846418,0.6169014084507043,0.010318142734307824,0.0,0.0,0.47200000000000003,0.12581409117821196,0,0.10808283723377571,0.14760316732784373
0.36363636363636365,0.6666666666666666,0.2777777777777778,0.4,0.14285714285714285,0.046296296296296294,0.3378839590443686,0.875,0.04356482023656166,0.9641627877944822,0.045429565854552115,0.04860186464610954,1.0,0.17732779474678284,0.4136087725182285,0.53125,0.24210526315789474,0.5736151091764377,0.7654375214261226,0.29577464788732394,0.0,0.0,0.0,0.48800000000000004,0.1921255180580225,1,0.13767847999211472,0.14760316732784373
0.7272727272727273,0.33333333333333337,0.3333333333333333,0.1,0.21428571428571427,0.2962962962962963,0.3378839590443686,0.875,0.3713256821641878,0.9082267758101047,0.27065396592782565,0.42672806875606056,1.0,0.17732779474678284,0.4136087725182285,0.5,0.4631578947368421,0.4128343747805939,0.4734530339389784,0.7549295774647887,0.0,0.0,0.0,0.832,0.11249259917110715,0,0.12054984126882495,0.14760316732784373
0.7272727272727273,0.16666666666666666,0.7777777777777777,0.0,0.2857142857142857,0.5092592592592592,0.0887372013651877,0.75,0.8046316898934301,0.1926149840386639,0.055321487451914265,0.7061241832423981,0.08179791087057646,0.003596177532756211,0.5259753879653215,0.4375,0.11578947368421053,0.5508670926068946,0.7653411038738429,0.8253521126760563,0.018916595012897677,0.0,0.0,0.72,0.36412078152753113,0,0.3136147166029142,0.3301204749341901
0.6363636363636364,0.33333333333333337,0.611111111111111,0.4,0.21428571428571427,0.25,0.3003412969283276,0.375,0.39615294530975526,0.7622206766179802,0.24445869206814433,0.3295760252468753,0.9285148853085841,0.41378505475033117,0.6379310766886747,0.5,0.17894736842105263,0.5564604835123685,0.8142140898183065,0.571830985915493,0.004299226139294927,0.0,0.0,0.7919999999999999,0.23179396092362345,0,0.21729703231290218,0.21224671625470795
0.6363636363636364,0.5,0.4444444444444444,0.1,0.14285714285714285,0.018518518518518517,0.3583617747440273,0.375,0.0302728656751376,0.7622206766179802,0.013647188129694083,0.026094103047947875,0.9285148853085841,0.41378505475033117,0.6379310766886747,0.90625,0.7473684210526316,0.44618409043038687,0.8787495714775454,0.04507042253521127,0.0,0.0,0.0,0.816,0.17880402605091772,0,0.17627611302775825,0.21224671625470795
0.6363636363636364,0.16666666666666666,0.9444444444444444,0.30000000000000004,0.3571428571428571,0.21296296296296297,0.4709897610921502,0.9375,0.3841199203653824,0.11337007115724146,0.07634182084630885,0.42672806875606056,0.171586476471634,0.026330430789386714,0.5297091086615016,0.0625,0.4631578947368421,0.4128343747805939,0.4734530339389784,0.7126760563380282,0.0,0.0,0.0,0.9279999999999999,0.15896980461811724,1,0.29913821036080773,0.21224671625470795
0.8181818181818182,0.5,0.8333333333333333,0.4,0.2857142857142857,0.48148148148148145,0.4573378839590444,0.9375,0.3703888043096381,0.1000035667790202,0.013647188129694083,0.35178461463243144,0.171586476471634,0.026330430789386714,0.5297091086615016,0.28125,0.5157894736842105,0.6189239158417001,0.7084333219060678,0.8760563380281691,0.0,0.0,0.0,0.84,0.17229129662522202,0,0.28369169511142917,0.21224671625470795
0.09090909090909091,0.5,0.7777777777777777,0.20000000000000004,0.3571428571428571,0.5648148148148148,0.07167235494880544,0.1875,0.6339149783346997,0.14546216539154316,0.2033339439457776,0.7061241832423981,0.056624091103983545,1.0,0.44954747284006497,0.28125,0.11578947368421053,0.5508670926068946,0.7653411038738429,0.771830985915493,0.0,0.0,0.047619047619047616,0.48000000000000004,0.3111308466548253,0,0.2556546901167083,0.21224671625470795
0.8181818181818182,0.6666666666666666,0.2222222222222222,0.20000000000000004,0.14285714285714285,0.009259259259259259,0.10921501706484643,0.4375,0.009544443143225202,0.14107502719669002,0.0018776332661659643,0.012837165337465092,0.05725000106513142,0.0,0.389352166528466,0.375,0.968421052631579,0.41559596526948905,0.6798080219403497,0.04507042253521127,0.11521926053310404,0.0,0.0,0.44,0.5032563647128478,0,0.2354171169985814,0.2168508202460431
0.2727272727272727,0.33333333333333337,0.5,0.1,0.21428571428571427,0.25,0.08532423208191126,0.75,0.338710621852676,0.18631070212045012,0.030042132258655433,0.3263477591768457,0.08179791087057646,0.003596177532756211,0.5259753879653215,0.375,0.42105263157894735,0.5599007699688735,0.9463918409324648,0.3943661971830986,0.0034393809114359416,0.0,0.0,0.624,0.2847838957963292,0,0.19594995971247448,0.21224671625470795
0.0,0.5,0.6666666666666666,0.20000000000000004,0.3571428571428571,0.2222222222222222,0.3754266211604096,1.0,0.2651071554046141,0.3623490806627076,0.029309397325517496,0.4400904734021934,0.621869201085582,0.728469163216533,1.0,0.0625,0.8631578947368421,0.6788597907744156,0.39681179293795,0.8028169014084507,0.007738607050730868,0.0,0.0,0.456,0.0994671403197158,1,0.1563015526288318,0.3301204749341901
0.5454545454545454,0.6666666666666666,0.7777777777777777,0.20000000000000004,0.21428571428571427,0.5462962962962963,0.10921501706484643,0.8125,0.8278486942264902,0.5986749415939936,0.25228979666605605,0.7061241832423981,0.2323281720291838,0.09813984418242278,0.41409858354947704,0.15625,0.11578947368421053,0.5508670926068946,0.7653411038738429,0.5521126760563381,0.0,0.0,0.0,0.76,0.27827116637063354,0,0.2914150528896277,0.21224671625470795
0.1818181818181818,0.0,0.6666666666666666,0.1,0.21428571428571427,0.1111111111111111,0.3378839590443686,0.875,0.11819299683803723,0.9678187362901932,0.038926543322952915,0.11701451741892377,1.0,0.17732779474678284,0.4136087725182285,0.375,0.7263157894736842,0.4080366963888693,0.86308707576277,0.15492957746478875,0.0008598452278589854,0.0,0.0,0.48000000000000004,0.14564831261101244,0,0.23639859061688875,0.21224671625470795
0.09090909090909091,0.0,0.8333333333333333,0.1,0.2857142857142857,0.49999999999999994,0.3378839590443686,0.875,0.787884998243354,0.7966400941629662,0.14027294376259386,1.0,1.0,0.17732779474678284,0.4136087725182285,0.375,0.042105263157894736,0.3557537035736852,0.8026118443606444,0.6169014084507043,0.005159071367153912,0.0,0.0,0.5599999999999999,0.33777383066903494,1,0.3095126058536147,0.21224671625470795
0.36363636363636365,0.9999999999999999,0.0,0.0,0.0,0.037037037037037035,0.2696245733788396,0.5625,0.0988698910879494,0.014579209245091214,0.1362429016303352,0.15100141204627973,0.0334796759366669,0.34584261342805195,0.8596542776389176,0.5625,0.28421052631578947,0.0673781272671955,0.015255399382927859,0.6084507042253522,0.0,0.0,0.0,0.6639999999999999,0.21195973949082297,0,0.05707619987879415,0.07913848534910893
0.5454545454545454,0.9999999999999999,0.3333333333333333,0.0,0.07142857142857142,0.3611111111111111,0.020477815699658702,0.8125,0.40473123316547605,0.5986749415939936,0.20136471881296938,0.35178461463243144,0.2323281720291838,0.09813984418242278,0.41409858354947704,0.5,0.5157894736842105,0.6189239158417001,0.7084333219060678,0.28732394366197184,0.01289767841788478,0.0,0.0,0.7999999999999999,0.15896980461811724,1,0.13964824841112652,0.14760316732784373
0.2727272727272727,0.6666666666666666,0.1111111111111111,0.4,0.0,0.3148148148148148,0.3617747440273037,0.625,0.338710621852676,0.1728461113191732,0.2075013738779996,0.3263477591768457,0.21043704860214088,0.45934387006324034,0.5396937616619154,0.4375,0.42105263157894735,0.5599007699688735,0.9463918409324648,0.6084507042253522,0.06362854686156491,0.0,0.0,0.47200000000000003,0.44375370041444645,0,0.19096879900928207,0.07913848534910893
0.2727272727272727,0.5,0.7222222222222222,1.0,0.0,0.21296296296296297,0.40273037542662116,0.625,0.27146035835577936,0.1728461113191732,0.1518593148928375,0.3749435705330504,0.21043704860214088,0.45934387006324034,0.5396937616619154,0.5,0.3368421052631579,0.5195300615507032,0.9167059478916695,0.6084507042253522,0.0008598452278589854,0.0,0.0,0.584,0.24511545293072823,1,0.2917501671807304,0.36937394699542697
0.9999999999999999,0.0,0.7777777777777777,0.1,0.3571428571428571,0.7037037037037036,0.4641638225255973,0.375,0.912021313971191,0.6769389902448594,0.9016303352262319,1.0,0.9285148853085841,0.41378505475033117,0.6379310766886747,0.125,0.042105263157894736,0.3557537035736852,0.8026118443606444,0.7014084507042254,0.0,0.0,0.0,0.464,0.4967436352871522,0,0.25109162513250277,0.21224671625470795
0.2727272727272727,0.16666666666666666,0.05555555555555555,0.4,0.0,0.18518518518518517,0.40273037542662116,0.625,0.1657395479564352,0.1728461113191732,0.02156988459424803,0.18718448681488692,0.21043704860214088,0.45934387006324034,0.5396937616619154,0.5,0.9263157894736842,0.22310374686980727,0.8228809564621186,0.6084507042253522,0.0,0.0,0.0,0.76,0.17880402605091772,0,0.11830490952587851,0.07913848534910893
0.0,0.9999999999999999,0.5555555555555556,0.5000000000000001,0.07142857142857142,0.19444444444444442,0.39590443686006827,0.375,0.2651071554046141,0.6056925793162485,0.099468767173475,0.4400904734021934,0.9285148853085841,0.41378505475033117,0.6379310766886747,0.28125,0.8631578947368421,0.6788597907744156,0.39681179293795,0.21408450704225354,0.0,0.0,0.0,0.528,0.20515097690941386,0,0.16026055436950257,0.21224671625470795
0.36363636363636365,0.0,0.2222222222222222,0.20000000000000004,0.14285714285714285,0.046296296296296294,0.0887372013651877,0.3125,0.04356482023656166,0.16655074634850997,0.006594614398241436,0.04860186464610954,0.05977145765366651,0.0,0.37350966867528246,0.46875,0.24210526315789474,0.5736151091764377,0.7654375214261226,0.22535211267605634,0.0,0.0,0.0,0.536,0.23830669034931914,0,0.11260675662073867,0.14760316732784373
0.9090909090909091,0.5,0.4444444444444444,0.1,0.21428571428571427,0.3611111111111111,0.020477815699658702,0.8125,0.4759925049771636,0.5432204447773439,0.12296208096721012,0.6309663029648315,0.2323281720291838,0.09813984418242278,0.41409858354947704,0.5,0.4421052631578947,0.3627980996512906,0.4385713061364416,0.5577464788732395,0.0,0.0,0.0,0.632,0.1853167554766134,0,0.13057795423361226,0.21224671625470795
0.4545454545454545,0.8333333333333334,0.3333333333333333,0.1,0.07142857142857142,0.3888888888888889,0.39590443686006827,0.375,0.2516102588125073,0.7276318370695344,0.18895402088294558,0.2317259908478913,0.9285148853085841,0.41378505475033117,0.6379310766886747,0.5625,0.7894736842105263,0.5229235413887523,0.5075741343846418,0.8760563380281691,0.0,0.0,0.0,0.712,0.2912966252220249,0,0.13497099717493016,0.14760316732784373
0.0,0.0,0.611111111111111,0.0,0.3571428571428571,0.5462962962962963,0.0887372013651877,0.3125,0.5185326150603116,0.15012572896046225,0.3318831287781645,0.4507836100191261,0.05977145765366651,0.0,0.37350966867528246,0.53125,0.18947368421052632,0.3926841255353507,0.8400111415838188,0.17183098591549298,0.0,0.0,0.0,0.464,0.1193013617525163,0,0.19492495975426444,0.21224671625470795
0.0,0.33333333333333337,0.2777777777777778,0.20000000000000004,0.07142857142857142,0.10185185185185185,0.38566552901023887,0.0,0.10569153296638951,0.13137338826173023,0.06988459424803078,0.16991724454243531,0.1867189342798414,0.09279779051350562,0.7548621460569017,0.40625,0.6947368421052631,0.6353764422289312,0.39371571820363394,0.5492957746478874,0.0,0.0,0.0,0.44,0.14564831261101244,1,0.10228124560212204,0.14760316732784373
0.7272727272727273,0.33333333333333337,0.05555555555555555,0.4,0.0,0.009259259259259259,0.40273037542662116,0.625,0.011623140883007373,0.16100440497208995,0.023310130060450632,0.04962324090813317,0.21043704860214088,0.45934387006324034,0.5396937616619154,0.4375,0.6105263157894737,0.1928900746565564,0.8490315392526568,0.6084507042253522,0.0017196904557179708,0.0,0.0,0.7839999999999999,0.298105387803434,0,0.11463691838793484,0.07913848534910893
0.9090909090909091,0.6666666666666666,0.16666666666666666,0.30000000000000004,0.0,0.07407407407407407,0.020477815699658702,0.1875,0.08794940859585432,0.17775934941950672,0.017494046528668254,0.06372717356761118,0.056624091103983545,1.0,0.44954747284006497,0.46875,0.6842105263157895,0.504364717171008,0.8192063764141241,0.6084507042253522,0.0,0.0,0.0,0.432,0.2912966252220249,0,0.10217612475159867,0.07913848534910893
0.5454545454545454,0.5,0.3333333333333333,0.20000000000000004,0.07142857142857142,0.17592592592592593,0.2901023890784983,0.0625,0.2874165593160792,0.05495514775382091,0.0038010624656530496,0.38138590072371736,0.06071806900579857,0.03803756739671877,0.4534975340494421,0.34375,0.5473684210526316,0.5208640501766949,0.9124742886527254,0.5521126760563381,0.02837489251934652,0.0,0.0,0.752,0.19863824748371817,0,0.16313028541441282,0.2168508202460431
0.9090909090909091,0.16666666666666666,0.05555555555555555,0.30000000000000004,0.0,0.05555555555555555,0.10921501706484643,0.6875,0.007377913104578991,0.11482353360797531,0.005174940465286682,0.0083595933586097,0.05562658583545617,0.0,0.3794301593737799,0.0625,0.2631578947368421,0.38519506658241476,0.8263198491600959,0.6084507042253522,0.0,0.0,0.0,0.632,0.1193013617525163,0,0.07343876859655626,0.07913848534910893
0.8181818181818182,0.16666666666666666,0.6666666666666666,0.20000000000000004,0.3571428571428571,0.3148148148148148,0.020477815699658702,0.8125,0.49786274739430847,0.5889019670786296,0.12145081516761312,0.6309663029648315,0.2323281720291838,0.09813984418242278,0.41409858354947704,0.53125,0.4421052631578947,0.3627980996512906,0.4385713061364416,0.723943661971831,0.0,0.0,0.0,0.6799999999999999,0.17229129662522202,0,0.1923069928459927,0.21224671625470795
0.2727272727272727,0.9999999999999999,0.9444444444444444,0.30000000000000004,0.0,0.0,0.4641638225255973,0.5,0.0758285513526174,0.036158222317336335,0.016578127862245835,0.07784623945185132,0.10715826419984809,0.332155861369312,0.0,0.25,0.8736842105263157,0.18947319150927944,0.8312371443263628,0.6084507042253522,0.0,0.0,0.0,0.704,0.17229129662522202,1,0.36491401792964384,0.36937394699542697
0.9090909090909091,0.16666666666666666,0.7777777777777777,0.30000000000000004,0.21428571428571427,0.2222222222222222,0.5017064846416383,0.375,0.3202365616582738,0.663483316391133,0.0670910423154424,0.40803248288490485,0.9285148853085841,0.41378505475033117,0.6379310766886747,0.0,0.6,0.23384586580542477,0.8358437607130613,0.47042253521126765,0.0,0.0,0.0,0.656,0.21847246891651864,0,0.2438932301155255,0.21224671625470795
0.8181818181818182,0.33333333333333337,0.4444444444444444,0.0,0.2857142857142857,0.06481481481481481,0.3378839590443686,0.875,0.15110083147909592,0.9761293314072726,0.26222751419673934,0.14033039321938404,1.0,0.17732779474678284,0.4136087725182285,0.40625,0.15789473684210525,0.33717147604671294,0.6694913438464176,0.9746478873239437,0.0,0.0,0.0,0.7919999999999999,0.35760805210183544,0,0.17038363229665865,0.21224671625470795
0.5454545454545454,0.6666666666666666,0.8333333333333333,0.4,0.2857142857142857,0.12037037037037036,0.4368600682593856,0.125,0.18037826443377447,0.6568669413086513,0.1874427550833486,0.3126654614411254,0.8730825019821128,0.2818775319682194,0.7669683459233042,0.3125,0.5052631578947369,0.17206112944370333,0.846974631470689,0.47042253521126765,0.035253654342218395,0.0,0.0,0.7919999999999999,0.2516281823564239,1,0.3072386206857688,0.3301204749341901
0.0,0.0,0.7222222222222222,0.4,0.21428571428571427,0.6851851851851851,0.39590443686006827,0.125,0.6528867548893313,0.6235086405221765,0.2252244000732735,0.7061241832423981,0.8730825019821128,0.2818775319682194,0.7669683459233042,0.25,0.11578947368421053,0.5508670926068946,0.7653411038738429,0.8760563380281691,0.0,0.005813953488372093,0.20238095238095236,0.21600000000000003,0.2516281823564239,0,0.3063070315410805,0.21224671625470795
0.4545454545454545,0.0,0.16666666666666666,0.9,0.14285714285714285,0.3425925925925926,0.5870307167235495,1.0,0.3950989577233868,0.4293956092950262,0.23140685107162481,0.4280109005782056,0.621869201085582,0.728469163216533,1.0,0.5625,0.8210526315789474,0.4488520676823702,0.39607259170380527,0.15774647887323945,0.0,0.0,0.0,0.688,0.23830669034931914,1,0.1330229685888808,0.1255118678665223
0.09090909090909091,0.16666666666666666,0.38888888888888884,0.5000000000000001,0.07142857142857142,0.5462962962962963,0.4675767918088737,0.125,0.5738376859116993,0.576186399871596,0.49615314160102586,0.660481213265552,0.8730825019821128,0.2818775319682194,0.7669683459233042,0.125,0.14736842105263157,0.3382714315804254,0.667595131984916,0.47042253521126765,0.0,0.0,0.0,0.688,0.3709295441089402,0,0.1546351820924173,0.14760316732784373
0.1818181818181818,0.9999999999999999,0.05555555555555555,0.1,0.0,0.09259259259259259,0.10921501706484643,0.8125,0.11084436116641293,0.5638007597239313,0.029492581058801978,0.12659757379484238,0.2323281720291838,0.09813984418242278,0.41409858354947704,0.125,0.8315789473684211,0.4428608205200215,0.4007220603359616,0.6084507042253522,0.0,0.0,0.0,0.616,0.13913558318531677,1,0.07735342958471121,0.07913848534910893
0.8181818181818182,0.16666666666666666,0.5555555555555556,0.6000000000000001,0.21428571428571427,0.12037037037037036,0.3378839590443686,0.875,0.18383300152242654,0.9761293314072726,0.31548818464920314,0.1744465023043245,1.0,0.17732779474678284,0.4136087725182285,0.375,0.10526315789473684,0.546350253925905,0.766990915323963,0.4450704225352113,0.0,0.0,0.0,0.64,0.12581409117821196,0,0.18363877325051745,0.21224671625470795
0.36363636363636365,0.5,0.16666666666666666,0.4,0.07142857142857142,0.19444444444444442,0.4368600682593856,0.125,0.317484482960534,0.6537192588233196,0.06846492031507602,0.40803248288490485,0.8730825019821128,0.2818775319682194,0.7669683459233042,0.3125,0.6,0.23384586580542477,0.8358437607130613,0.571830985915493,0.0,0.0,0.0,0.7999999999999999,0.3046181172291296,0,0.12855219244960744,0.1255118678665223
0.7272727272727273,0.8333333333333334,0.4444444444444444,0.30000000000000004,0.14285714285714285,0.08333333333333333,0.39590443686006827,0.125,0.12808876917671858,0.6326663456565549,0.04263601392196373,0.1443264958319607,0.8730825019821128,0.2818775319682194,0.7669683459233042,0.15625,0.05263157894736842,0.2750824966650284,0.66073877271169,0.15774647887323945,0.0,0.0,0.0,0.88,0.14564831261101244,0,0.1284257051049383,0.21224671625470795
0.1818181818181818,0.33333333333333337,0.05555555555555555,0.20000000000000004,0.0,0.17592592592592593,0.10921501706484643,0.75,0.9573427801850334,0.1903500793608332,0.019692251328082066,1.0,0.08179791087057646,0.003596177532756211,0.5259753879653215,0.15625,0.042105263157894736,0.3557537035736852,0.8026118443606444,0.6084507042253522,0.0,0.0,0.0,0.456,0.3309650680876258,0,0.12145585092462786,0.07913848534910893
0.1818181818181818,0.6666666666666666,0.5,0.0,0.21428571428571427,0.5555555555555555,0.2252559726962457,0.375,0.9573427801850334,0.7005153995684198,0.9692251328082067,1.0,0.9285148853085841,0.41378505475033117,0.6379310766886747,0.59375,0.042105263157894736,0.3557537035736852,0.8026118443606444,0.17183098591549298,0.0,0.0,0.0,0.632,0.2581409117821196,0,0.16312785680526778,0.21224671625470795
0.9090909090909091,0.5,0.4444444444444444,0.4,0.14285714285714285,0.10185185185185185,0.447098976109215,0.875,0.23219932076355543,0.9144151374101618,0.032835684191243816,0.2317259908478913,1.0,0.17732779474678284,0.4136087725182285,0.125,0.7894736842105263,0.5229235413887523,0.5075741343846418,0.29577464788732394,0.037833190025795355,0.2616279069767442,0.12301587301587301,0.384,0.1921255180580225,0,0.40558496341446265,0.3301204749341901
0.9999999999999999,0.6666666666666666,0.611111111111111,0.0,0.2857142857142857,0.19444444444444442,0.10921501706484643,0.4375,0.2925401100831479,0.15637650919337293,0.005174940465286682,0.20602837828871168,0.05725000106513142,0.0,0.389352166528466,0.125,0.7684210526315789,0.4777083479604015,0.8817813678436749,0.7408450704225352,0.021496130696474634,0.0,0.0,0.384,0.17229129662522202,0,0.20568115600823142,0.3301204749341901
0.9999999999999999,0.5,0.6666666666666666,0.6000000000000001,0.07142857142857142,0.2962962962962963,0.10921501706484643,0.8125,0.33982316430495374,0.578629643500437,0.15872870489100566,0.35178461463243144,0.2323281720291838,0.09813984418242278,0.41409858354947704,0.15625,0.5157894736842105,0.6189239158417001,0.7084333219060678,0.8028169014084507,0.0,0.0,0.0,0.6719999999999999,0.1853167554766134,0,0.20925023686553498,0.21224671625470795
0.2727272727272727,0.6666666666666666,0.7777777777777777,0.8,0.21428571428571427,0.14814814814814814,0.447098976109215,0.875,0.31830425108326504,0.9377953738876108,0.15790437809122548,0.40803248288490485,1.0,0.17732779474678284,0.4136087725182285,0.0625,0.6,0.23384586580542477,0.8358437607130613,0.6873239436619719,0.0017196904557179708,0.0,0.0,0.776,0.36412078152753113,0,0.3472525052581836,0.21224671625470795
0.0,0.33333333333333337,0.05555555555555555,0.1,0.0,0.14814814814814814,0.10921501706484643,0.4375,0.07635554514580162,0.1272894262835946,0.015250045795933321,0.07771236861741695,0.05725000106513142,0.0,0.389352166528466,0.15625,0.1368421052631579,0.5375974162746612,0.8302301165581075,0.6084507042253522,0.0,0.0,0.047619047619047616,0.35200000000000004,0.33777383066903494,0,0.09751158564188435,0.07913848534910893
0.7272727272727273,0.9999999999999999,0.5,0.0,0.14285714285714285,0.09259259259259259,0.3378839590443686,0.875,0.10779950813912635,0.9082267758101047,0.19765524821395858,0.12073892044230924,1.0,0.17732779474678284,0.4136087725182285,0.5625,1.0,0.2622340798988977,0.6863537024340076,0.04507042253521127,0.0,0.0,0.0,0.816,0.3046181172291296,0,0.19466074220119015,0.21224671625470795
0.09090909090909091,0.33333333333333337,0.1111111111111111,0.4,0.0,0.05555555555555555,0.447098976109215,0.875,0.029775149314908066,0.7966400941629662,0.01813518959516395,0.046667605702664726,1.0,0.17732779474678284,0.4136087725182285,0.15625,0.08421052631578947,0.5499543635470056,0.9284260370243399,0.6084507042253522,0.018916595012897677,0.04069767441860465,0.20238095238095236,0.312,0.11249259917110715,0,0.17269374303006957,0.07913848534910893
0.0,0.6666666666666666,0.2222222222222222,0.5000000000000001,0.0,0.3055555555555555,0.2593856655290102,1.0,0.5031619627591053,0.3623490806627076,0.23062832020516577,0.6222891447050592,0.621869201085582,0.728469163216533,1.0,0.53125,0.9052631578947368,0.4992861990685483,0.5834976002742545,0.6084507042253522,0.0,0.0,0.047619047619047616,0.336,0.27827116637063354,0,0.1274396898415398,0.14760316732784373
0.1818181818181818,0.6666666666666666,0.8333333333333333,0.20000000000000004,0.14285714285714285,0.49074074074074076,0.5290102389078498,0.375,0.9573427801850334,0.7005153995684198,0.9692251328082067,1.0,0.9285148853085841,0.41378505475033117,0.6379310766886747,0.625,0.042105263157894736,0.3557537035736852,0.8026118443606444,0.8338028169014085,0.0,0.0,0.0,0.632,0.2581409117821196,0,0.2969784565510134,0.21224671625470795
0.4545454545454545,0.6666666666666666,0.9444444444444444,0.30000000000000004,0.21428571428571427,0.35185185185185186,0.3754266211604096,1.0,0.6083265019323106,0.4293956092950262,0.2765158453929291,0.6222891447050592,0.621869201085582,0.728469163216533,1.0,0.0625,0.9052631578947368,0.4992861990685483,0.5834976002742545,0.033802816901408454,0.01289767841788478,0.0,0.0,0.768,0.27827116637063354,1,0.3147635536877246,0.3301204749341901
0.8181818181818182,0.8333333333333334,0.05555555555555555,0.0,0.0,0.06481481481481481,0.3583617747440273,0.375,0.013526174025061483,0.7198651757530362,0.005449716065213409,0.007650892802056254,0.9285148853085841,0.41378505475033117,0.6379310766886747,0.875,0.47368421052631576,0.40656228790751003,0.8072720260541651,0.6084507042253522,0.030954428202923472,0.0,0.0,0.568,0.13232682060390763,0,0.09738053643075123,0.07913848534910893
0.09090909090909091,0.0,0.38888888888888884,0.4,0.14285714285714285,0.12037037037037036,0.4402730375426621,1.0,0.1984424405668111,0.3382198205910153,0.026744825059534714,0.3074922267608962,0.621869201085582,0.728469163216533,1.0,0.28125,0.22105263157894736,0.17866086264597814,0.8484101816935207,0.619718309859155,0.0,0.0,0.0,0.736,0.3111308466548253,1,0.1642291328261864,0.14760316732784373
0.0,0.33333333333333337,0.05555555555555555,0.30000000000000004,0.0,0.09259259259259259,0.10921501706484643,0.75,0.07313502752078697,0.16978759830934675,0.006319838798314709,0.06841102304091676,0.08179791087057646,0.003596177532756211,0.5259753879653215,0.125,0.12631578947368421,0.48229539656907483,0.8000192835104559,0.6084507042253522,0.06964746345657782,0.0,0.0,0.49600000000000005,0.2847838957963292,1,0.12945060247293189,0.07913848534910893
0.8181818181818182,0.6666666666666666,0.4444444444444444,0.30000000000000004,0.21428571428571427,0.23148148148148145,0.34812286689419797,0.0,0.39424991216770117,0.14704938205553475,0.029034621725590768,0.42672806875606056,0.1867189342798414,0.09279779051350562,0.7548621460569017,0.25,0.4631578947368421,0.4128343747805939,0.4734530339389784,0.8028169014084507,0.0,0.0,0.0,0.656,0.19863824748371817,1,0.13993456539513155,0.21224671625470795
0.9999999999999999,0.33333333333333337,0.2777777777777778,0.30000000000000004,0.07142857142857142,0.10185185185185185,0.4709897610921502,0.9375,0.3660557442323457,0.10360601358942806,0.04204066678878915,0.3295760252468753,0.171586476471634,0.026330430789386714,0.5297091086615016,0.03125,0.17894736842105263,0.5564604835123685,0.8142140898183065,0.6535211267605634,0.0,0.0,0.0,0.512,0.13913558318531677,0,0.12811056023935952,0.14760316732784373
0.2727272727272727,0.6666666666666666,0.2222222222222222,0.1,0.07142857142857142,0.07407407407407407,0.0887372013651877,0.8125,0.11857360346644806,0.5483922743566423,0.002793551932588386,0.11701451741892377,0.2323281720291838,0.09813984418242278,0.41409858354947704,0.03125,0.7263157894736842,0.4080366963888693,0.86308707576277,0.6169014084507043,0.046431642304385214,0.0,0.0,0.5599999999999999,0.20515097690941386,0,0.15031984623048797,0.2168508202460431
0.7272727272727273,0.33333333333333337,0.7222222222222222,0.20000000000000004,0.2857142857142857,0.35185185185185186,0.39590443686006827,0.125,0.896270055041574,0.6326663456565549,0.05110826158637113,1.0,0.8730825019821128,0.2818775319682194,0.7669683459233042,0.1875,0.042105263157894736,0.3557537035736852,0.8026118443606444,0.1915492957746479,0.0,0.0,0.0,0.7919999999999999,0.3839550029603316,0,0.2681132252246064,0.21224671625470795
0.9999999999999999,0.8333333333333334,0.38888888888888884,0.1,0.0,0.6851851851851851,0.10921501706484643,0.1875,0.7091579810282235,0.18849535427032618,0.24798497893387067,0.660481213265552,0.056624091103983545,1.0,0.44954747284006497,0.0,0.14736842105263157,0.3382714315804254,0.667595131984916,0.6084507042253522,0.0,0.0,0.0,0.592,0.15896980461811724,0,0.11208752945781665,0.14760316732784373
0.2727272727272727,0.8333333333333334,0.0,0.4,0.0,0.046296296296296294,0.3378839590443686,0.875,0.09840145216067454,0.9377953738876108,0.09072174390914087,0.0948781018745409,1.0,0.17732779474678284,0.4136087725182285,0.4375,0.35789473684210527,0.4881462238760561,0.6924065821049024,0.6084507042253522,0.04299226139294927,0.0,0.0,0.696,0.36412078152753113,0,0.13376382938640002,0.07913848534910893
0.0,0.8333333333333334,0.16666666666666666,0.1,0.07142857142857142,0.5925925925925926,0.020477815699658702,0.1875,0.6528867548893313,0.16209227257325273,0.21478292727605788,0.7061241832423981,0.056624091103983545,1.0,0.44954747284006497,0.46875,0.11578947368421053,0.5508670926068946,0.7653411038738429,0.13521126760563382,0.0,0.0,0.0,0.49600000000000005,0.24511545293072823,0,0.09921219020638314,0.1255118678665223
0.9090909090909091,0.16666666666666666,0.1111111111111111,0.30000000000000004,0.0,0.4166666666666667,0.10921501706484643,0.6875,0.4027989225904673,0.11482353360797531,0.13170910423154422,0.37706292045627837,0.05562658583545617,0.0,0.3794301593737799,0.15625,0.29473684210526313,0.27014439841793625,0.6857002056907782,0.6084507042253522,0.0,0.0,0.0,0.776,0.1853167554766134,0,0.09112072019720374,0.07913848534910893
0.2727272727272727,0.16666666666666666,0.16666666666666666,0.30000000000000004,0.07142857142857142,0.24074074074074076,0.3378839590443686,0.875,0.2172385525237147,0.9377953738876108,0.26117420773035355,0.23817414150962068,1.0,0.17732779474678284,0.4136087725182285,0.46875,0.23157894736842105,0.4852910201502493,0.885702348303051,0.6281690140845071,0.0,0.0,0.0,0.632,0.2581409117821196,0,0.12602665915725897,0.1255118678665223
0.6363636363636364,0.0,0.2222222222222222,0.7000000000000001,0.07142857142857142,0.32407407407407407,0.3754266211604096,1.0,0.4091814029745872,0.4469530790219892,0.22696464553947607,0.37706292045627837,0.621869201085582,0.728469163216533,1.0,0.40625,0.29473684210526313,0.27014439841793625,0.6857002056907782,0.04788732394366198,0.0017196904557179708,0.0,0.0,0.8079999999999999,0.24511545293072823,0,0.13174601799459015,0.14760316732784373
0.9999999999999999,0.33333333333333337,0.5555555555555556,0.1,0.2857142857142857,0.15740740740740738,0.020477815699658702,0.4375,0.23053050708513878,0.15637650919337293,0.010258289063931123,0.23817414150962068,0.05725000106513142,0.0,0.389352166528466,0.53125,0.23157894736842105,0.4852910201502493,0.885702348303051,0.7408450704225352,0.0,0.0,0.0,0.40800000000000003,0.41711071640023684,0,0.196459668932989,0.21224671625470795
0.8181818181818182,0.9999999999999999,0.6666666666666666,0.1,0.3571428571428571,0.027777777777777776,0.3378839590443686,0.875,0.006938751610258809,0.9761293314072726,0.018180985528485072,0.017585505630141655,1.0,0.17732779474678284,0.4136087725182285,0.5,0.43157894736842106,0.3598960893070279,0.4413245629070963,0.5690140845070423,0.0,0.0,0.0,0.744,0.17880402605091772,0,0.1944663786968241,0.21224671625470795
0.1818181818181818,0.0,0.7222222222222222,0.20000000000000004,0.2857142857142857,0.18518518518518517,0.3378839590443686,0.875,0.31809930905258227,0.9678187362901932,0.061229162850338886,0.20602837828871168,1.0,0.17732779474678284,0.4136087725182285,0.59375,0.7684210526315789,0.4777083479604015,0.8817813678436749,0.15492957746478875,0.0,0.0,0.0,0.48800000000000004,0.13232682060390763,0,0.29498556276172955,0.21224671625470795
0.09090909090909091,0.16666666666666666,0.7777777777777777,0.4,0.21428571428571427,0.2222222222222222,0.32764505119453924,0.125,0.5738376859116993,0.576186399871596,0.49615314160102586,0.660481213265552,0.8730825019821128,0.2818775319682194,0.7669683459233042,0.65625,0.14736842105263157,0.3382714315804254,0.667595131984916,0.4028169014084507,0.03611349957007738,0.0,0.0,0.384,0.2581409117821196,1,0.28492107506227066,0.3301204749341901
0.8181818181818182,0.0,0.05555555555555555,0.30000000000000004,0.0,0.24074074074074076,0.3617747440273037,0.125,0.31405902330483665,0.6650170313698215,0.10798681077120352,0.20602837828871168,0.8730825019821128,0.2818775319682194,0.7669683459233042,0.59375,0.7684210526315789,0.4777083479604015,0.8817813678436749,0.6084507042253522,0.0,0.0,0.0,0.632,0.17880402605091772,0,0.10275583119833608,0.07913848534910893
0.9090909090909091,0.9999999999999999,0.7222222222222222,0.20000000000000004,0.21428571428571427,0.39814814814814814,0.4709897610921502,0.9375,0.8798161377210446,0.10493463877445472,0.03553764425718996,1.0,0.171586476471634,0.026330430789386714,0.5297091086615016,0.03125,0.042105263157894736,0.3557537035736852,0.8026118443606444,0.5098591549295775,0.0,0.0,0.0,0.512,0.36412078152753113,0,0.2768326787865008,0.21224671625470795
0.4545454545454545,0.5,0.611111111111111,0.1,0.21428571428571427,0.2222222222222222,0.10921501706484643,0.75,0.28375688019674433,0.19089401316141458,0.0882029675764792,0.38138590072371736,0.08179791087057646,0.003596177532756211,0.5259753879653215,0.0625,0.5473684210526316,0.5208640501766949,0.9124742886527254,0.7408450704225352,0.0,0.0,0.0,0.8079999999999999,0.20515097690941386,0,0.18315919750893564,0.21224671625470795
0.5454545454545454,0.33333333333333337,0.38888888888888884,0.20000000000000004,0.0,0.6296296296296295,0.2901023890784983,0.25,0.8278486942264902,0.044861163126638494,0.0430023813885327,0.7061241832423981,0.0,0.0,0.8684696622603216,0.34375,0.11578947368421053,0.5508670926068946,0.7653411038738429,0.6084507042253522,0.0,0.0,0.0,0.688,0.2649496743635287,0,0.16928808072979554,0.14760316732784373
0.9999999999999999,0.5,0.611111111111111,0.1,0.21428571428571427,0.15740740740740738,0.0887372013651877,0.3125,0.24920950931022368,0.16425909082802775,0.06260304084997252,0.28571737887890747,0.05977145765366651,0.0,0.37350966867528246,0.28125,0.6421052631578947,0.5014861101359732,0.9009363215632499,0.9154929577464789,0.0,0.0,0.0,0.48000000000000004,0.11249259917110715,0,0.16913104162586787,0.21224671625470795
0.09090909090909091,0.0,0.8333333333333333,0.9,0.07142857142857142,0.09259259259259259,0.39249146757679176,0.625,0.16096732638482258,0.14687104310452445,0.005632899798497893,0.22186657850593167,0.21043704860214088,0.45934387006324034,0.5396937616619154,0.15625,0.8105263157894737,0.3345034987947294,0.4516519540623929,0.5098591549295775,0.08426483233018056,0.0,0.0,0.576,0.3111308466548253,1,0.42337405004654827,0.4277788680726438
0.5454545454545454,0.33333333333333337,0.8888888888888888,0.0,0.5,0.09259259259259259,0.3378839590443686,0.875,0.23685443260334932,1.0,0.2783934786590951,0.23817414150962068,1.0,0.17732779474678284,0.4136087725182285,0.40625,0.23157894736842105,0.4852910201502493,0.885702348303051,0.7408450704225352,0.0,0.0,0.0,0.7919999999999999,0.13913558318531677,0,0.2855733365190699,0.21224671625470795
0.5454545454545454,0.0,0.0,0.1,0.0,0.027777777777777776,0.19112627986348124,0.625,0.23685443260334932,0.17441549408806378,0.007006777798131526,0.23817414150962068,0.21043704860214088,0.45934387006324034,0.5396937616619154,0.1875,0.23157894736842105,0.4852910201502493,0.885702348303051,0.6084507042253522,0.009458297506448839,0.0,0.0,0.848,0.15896980461811724,0,0.08272790568904884,0.07913848534910893
0.9999999999999999,0.8333333333333334,0.05555555555555555,0.7000000000000001,0.0,0.17592592592592593,0.3378839590443686,0.875,0.5104227661318655,0.960052074973695,0.14888257922696463,0.6309663029648315,1.0,0.17732779474678284,0.4136087725182285,0.40625,0.4421052631578947,0.3627980996512906,0.4385713061364416,0.6084507042253522,0.0,0.0,0.0,0.608,0.21195973949082297,0,0.09803954686970026,0.07913848534910893
0.09090909090909091,0.33333333333333337,0.9444444444444444,0.20000000000000004,0.2857142857142857,0.09259259259259259,0.48464163822525597,0.5,0.4517507904906898,0.027294776452124907,0.06896867558160835,0.6222891447050592,0.10715826419984809,0.332155861369312,0.0,0.03125,0.9052631578947368,0.4992861990685483,0.5834976002742545,0.4140845070422535,0.0008598452278589854,0.0,0.047619047619047616,0.296,0.2649496743635287,1,0.3686309776037452,0.21224671625470795
0.8181818181818182,0.16666666666666666,0.9444444444444444,0.20000000000000004,0.2857142857142857,0.24074074074074076,0.3003412969283276,0.375,0.3793476987937698,0.7198651757530362,0.24519142700128227,0.3295760252468753,0.9285148853085841,0.41378505475033117,0.6379310766886747,0.53125,0.17894736842105263,0.5564604835123685,0.8142140898183065,0.6873239436619719,0.0,0.0,0.0,0.632,0.1521610420367081,0,0.27665392213187456,0.21224671625470795
0.09090909090909091,0.33333333333333337,0.7777777777777777,0.1,0.21428571428571427,0.10185185185185185,0.4641638225255973,0.375,0.09292657219814966,0.5500954113387906,0.029217805458875253,0.11701451741892377,0.9285148853085841,0.41378505475033117,0.6379310766886747,0.03125,0.7263157894736842,0.4080366963888693,0.86308707576277,0.04507042253521127,0.024935511607910573,0.0,0.0,0.48000000000000004,0.0926583777383067,0,0.24418855334944398,0.3301204749341901
0.5454545454545454,0.16666666666666666,0.9444444444444444,0.1,0.3571428571428571,0.5648148148148148,0.0887372013651877,0.3125,0.5397001990865441,0.16782586984823356,0.38028943029858947,0.4507836100191261,0.05977145765366651,0.0,0.37350966867528246,0.25,0.18947368421052632,0.3926841255353507,0.8400111415838188,0.028169014084507043,0.0,0.0,0.0,0.752,0.24511545293072823,0,0.29930115759073933,0.21224671625470795
0.9090909090909091,0.8333333333333334,0.7777777777777777,0.30000000000000004,0.21428571428571427,0.1388888888888889,0.10921501706484643,0.8125,0.35987820587890856,0.5432204447773439,0.1416926176955486,0.4280109005782056,0.2323281720291838,0.09813984418242278,0.41409858354947704,0.125,0.8210526315789474,0.4488520676823702,0.39607259170380527,0.9154929577464789,0.0,0.0,0.0,0.576,0.2912966252220249,0,0.23164340406289982,0.21224671625470795
0.4545454545454545,0.0,0.05555555555555555,0.30000000000000004,0.0,0.1111111111111111,0.10921501706484643,0.1875,0.39366436350860756,0.19240097729745154,0.0024271844660194173,0.37706292045627837,0.056624091103983545,1.0,0.44954747284006497,0.03125,0.29473684210526313,0.27014439841793625,0.6857002056907782,0.6084507042253522,0.002579535683576956,0.0,0.0,0.736,0.17229129662522202,1,0.0880498025257333,0.07913848534910893
0.4545454545454545,0.5,0.6666666666666666,0.1,0.2857142857142857,0.037037037037037035,0.3378839590443686,0.875,0.02872116172853964,0.9567617213275551,0.003846858398974171,0.026094103047947875,1.0,0.17732779474678284,0.4136087725182285,0.34375,0.7473684210526316,0.44618409043038687,0.8787495714775454,0.04507042253521127,0.055030094582975066,0.0,0.0,0.712,0.27827116637063354,1,0.3151570589090334,0.4277788680726438
0.1818181818181818,0.9999999999999999,0.9444444444444444,0.9,0.21428571428571427,0.26851851851851855,0.4402730375426621,1.0,0.37735683335285164,0.4228862375831506,0.2091958234108811,0.4280109005782056,0.621869201085582,0.728469163216533,1.0,0.21875,0.8210526315789474,0.4488520676823702,0.39607259170380527,0.4394366197183099,0.021496130696474634,0.0,0.0,0.528,0.21847246891651864,0,0.3290935705808121,0.3301204749341901
0.4545454545454545,0.0,0.6666666666666666,0.9,0.21428571428571427,0.3611111111111111,0.4641638225255973,0.375,0.38344653940742474,0.7276318370695344,0.283660010991024,0.35178461463243144,0.9285148853085841,0.41378505475033117,0.6379310766886747,0.09375,0.5157894736842105,0.6189239158417001,0.7084333219060678,0.8563380281690142,0.0,0.0,0.0,0.84,0.33777383066903494,0,0.265241857512351,0.21224671625470795
0.09090909090909091,0.0,0.4444444444444444,0.0,0.21428571428571427,0.5925925925925926,0.3583617747440273,0.375,0.787884998243354,0.5500954113387906,0.7867741344568602,1.0,0.9285148853085841,0.41378505475033117,0.6379310766886747,0.84375,0.042105263157894736,0.3557537035736852,0.8026118443606444,0.028169014084507043,0.005159071367153912,0.0,0.0,0.5599999999999999,0.33777383066903494,0,0.16192283574852087,0.21224671625470795
0.1818181818181818,0.16666666666666666,0.05555555555555555,0.30000000000000004,0.0,0.23148148148148145,0.10921501706484643,0.8125,0.6678768005621267,0.5638007597239313,0.08009708737864078,0.660481213265552,0.2323281720291838,0.09813984418242278,0.41409858354947704,0.40625,0.14736842105263157,0.3382714315804254,0.667595131984916,0.6084507042253522,0.0,0.0,0.0,0.64,0.22528123149792778,0,0.11714105637626923,0.07913848534910893
0.09090909090909091,0.8333333333333334,0.8888888888888888,0.1,0.3571428571428571,0.12037037037037036,0.3378839590443686,0.875,0.11754889331303432,0.7966400941629662,0.21835501007510533,0.1744465023043245,1.0,0.17732779474678284,0.4136087725182285,0.46875,0.10526315789473684,0.546350253925905,0.766990915323963,0.04788732394366198,0.0,0.0,0.0,0.312,0.2649496743635287,1,0.27273021398297287,0.21224671625470795
0.5454545454545454,0.0,0.8333333333333333,0.5000000000000001,0.3571428571428571,0.15740740740740738,0.34470989761092147,0.9375,0.23685443260334932,0.11454710823390937,0.04194907492214691,0.23817414150962068,0.171586476471634,0.026330430789386714,0.5297091086615016,0.40625,0.23157894736842105,0.4852910201502493,0.885702348303051,0.6056338028169015,0.0,0.0,0.0,0.7839999999999999,0.13232682060390763,0,0.29325289569066076,0.21224671625470795
0.2727272727272727,0.5,0.2777777777777778,0.4,0.14285714285714285,0.18518518518518517,0.0887372013651877,0.75,0.30934535659913337,0.18631070212045012,0.13111375709836964,0.20602837828871168,0.08179791087057646,0.003596177532756211,0.5259753879653215,0.46875,0.7684210526315789,0.4777083479604015,0.8817813678436749,0.619718309859155,0.0,0.0,0.0,0.624,0.08614564831261101,0,0.14167015699176244,0.14760316732784373
0.2727272727272727,0.9999999999999999,0.5555555555555556,0.4,0.14285714285714285,0.0,0.39590443686006827,0.125,0.023099894601241365,0.6112478376402191,0.006228246931672467,0.022215108313146,0.8730825019821128,0.2818775319682194,0.7669683459233042,0.15625,0.5578947368421052,0.4319314751105806,0.8907374871443264,0.1915492957746479,0.0,0.0,0.0,0.648,0.17880402605091772,1,0.17966778964970453,0.21224671625470795
0.4545454545454545,0.9999999999999999,0.8333333333333333,0.20000000000000004,0.3571428571428571,0.8703703703703702,0.10921501706484643,0.1875,0.7111488464691416,0.19240097729745154,0.2287506869389998,0.660481213265552,0.056624091103983545,1.0,0.44954747284006497,0.09375,0.14736842105263157,0.3382714315804254,0.667595131984916,0.6366197183098592,0.0,0.0,0.0,0.7839999999999999,0.17229129662522202,0,0.23191529680673503,0.21224671625470795
0.9090909090909091,0.0,0.5,0.0,0.14285714285714285,0.037037037037037035,0.3378839590443686,0.875,0.0065288675488933134,0.9144151374101618,0.01639494412896135,0.012837165337465092,1.0,0.17732779474678284,0.4136087725182285,0.5625,0.968421052631579,0.41559596526948905,0.6798080219403497,0.6901408450704226,0.0,0.0,0.0,0.592,0.1521610420367081,0,0.16751332527920867,0.21224671625470795
0.9999999999999999,0.9999999999999999,0.05555555555555555,0.4,0.0,0.16666666666666669,0.3378839590443686,0.875,0.130782293008549,0.960052074973695,0.09324052024180253,0.1443264958319607,1.0,0.17732779474678284,0.4136087725182285,0.5625,0.05263157894736842,0.2750824966650284,0.66073877271169,0.6084507042253522,0.0,0.0,0.0,0.736,0.21195973949082297,0,0.09290639003046783,0.07913848534910893
0.4545454545454545,0.8333333333333334,0.3333333333333333,0.20000000000000004,0.07142857142857142,0.5277777777777777,0.15699658703071673,0.3125,0.5266131865558028,0.1658284735969183,0.3770379190327899,0.4507836100191261,0.05977145765366651,0.0,0.37350966867528246,0.09375,0.18947368421052632,0.3926841255353507,0.8400111415838188,0.34929577464788736,0.04041272570937231,0.0,0.0,0.7919999999999999,0.24511545293072823,0,0.1687202892426626,0.2168508202460431
0.4545454545454545,0.8333333333333334,0.8888888888888888,0.20000000000000004,0.07142857142857142,0.574074074074074,0.4641638225255973,0.375,0.9630518796111958,0.7276318370695344,0.9672559076753984,1.0,0.9285148853085841,0.41378505475033117,0.6379310766886747,0.09375,0.042105263157894736,0.3557537035736852,0.8026118443606444,0.6281690140845071,0.3353396388650043,0.0,0.0,0.656,0.19863824748371817,1,0.7033216552355893,0.4277788680726438
0.09090909090909091,0.16666666666666666,0.1111111111111111,0.6000000000000001,0.0,0.39814814814814814,0.5870307167235495,1.0,0.6339149783346997,0.3382198205910153,0.23630701593698478,0.7061241832423981,0.621869201085582,0.728469163216533,1.0,0.5,0.11578947368421053,0.5508670926068946,0.7653411038738429,0.6084507042253522,0.030094582975064486,0.0872093023255814,0.047619047619047616,0.35200000000000004,0.4040852575488455,0,0.21216486608059018,0.07913848534910893
0.09090909090909091,0.5,0.8333333333333333,0.4,0.3571428571428571,0.3055555555555555,0.10921501706484643,0.8125,0.212115001756646,0.456619050166747,0.1527294376259388,0.2317259908478913,0.2323281720291838,0.09813984418242278,0.41409858354947704,0.09375,0.7894736842105263,0.5229235413887523,0.5075741343846418,0.7971830985915493,0.0017196904557179708,0.0,0.0,0.48800000000000004,0.5828892835997632,1,0.3227518614505202,0.21224671625470795
0.09090909090909091,0.6666666666666666,0.3333333333333333,0.1,0.07142857142857142,0.009259259259259259,0.38566552901023887,0.0,0.001024710153413745,0.11210386460506838,0.046711851987543504,0.03541593668258759,0.1867189342798414,0.09279779051350562,0.7548621460569017,0.25,0.031578947368421054,0.9999999999999998,0.10028496743229343,0.8338028169014085,0.0,0.0,0.5634920634920634,0.248,0.1193013617525163,0,0.20123064137318908,0.14760316732784373
0.09090909090909091,0.8333333333333334,0.1111111111111111,0.8,0.0,0.3055555555555555,0.4675767918088737,0.125,0.43517976343834175,0.576186399871596,0.14109727056237406,0.6309663029648315,0.8730825019821128,0.2818775319682194,0.7669683459233042,0.15625,0.4421052631578947,0.3627980996512906,0.4385713061364416,0.6084507042253522,0.0,0.0,0.0,0.568,0.21195973949082297,0,0.0924736384088726,0.07913848534910893
0.6363636363636364,0.33333333333333337,0.611111111111111,0.20000000000000004,0.2857142857142857,0.6759259259259258,0.10921501706484643,0.75,1.0000000000000002,0.20052431651597027,0.023264334127129513,1.0,0.08179791087057646,0.003596177532756211,0.5259753879653215,0.125,0.042105263157894736,0.3557537035736852,0.8026118443606444,0.571830985915493,0.0,0.0,0.0,0.7999999999999999,0.2516281823564239,0,0.2275354729480274,0.21224671625470795
0.4545454545454545,0.16666666666666666,0.6666666666666666,0.4,0.21428571428571427,0.3333333333333333,0.3003412969283276,0.375,0.5106862630284577,0.7276318370695344,0.14952372229346034,0.6309663029648315,0.9285148853085841,0.41378505475033117,0.6379310766886747,0.59375,0.4421052631578947,0.3627980996512906,0.4385713061364416,0.1915492957746479,0.0,0.0,0.0,0.632,0.19863824748371817,0,0.20149060541437078,0.21224671625470795
0.1818181818181818,0.5,0.7777777777777777,0.4,0.0,0.16666666666666669,0.3617747440273037,0.625,0.24162665417496193,0.177625595206249,0.10052207363986078,0.3074922267608962,0.21043704860214088,0.45934387006324034,0.5396937616619154,0.40625,0.22105263157894736,0.17866086264597814,0.8484101816935207,0.6084507042253522,0.018916595012897677,0.0,0.0,0.704,0.36412078152753113,1,0.32453592729082165,0.3301204749341901
0.9090909090909091,0.5,0.2222222222222222,0.20000000000000004,0.0,0.07407407407407407,0.19112627986348124,0.625,0.1271226138892142,0.17042070158543327,0.01314343286316175,0.11701451741892377,0.21043704860214088,0.45934387006324034,0.5396937616619154,0.3125,0.7263157894736842,0.4080366963888693,0.86308707576277,0.6084507042253522,0.02235597592433362,0.0,0.0,0.464,0.06631142687981055,0,0.10977594504946916,0.2168508202460431
0.2727272727272727,0.33333333333333337,0.3333333333333333,0.0,0.14285714285714285,0.08333333333333333,0.3378839590443686,0.875,0.09840145216067454,0.9377953738876108,0.09072174390914087,0.0948781018745409,1.0,0.17732779474678284,0.4136087725182285,0.65625,0.35789473684210527,0.4881462238760561,0.6924065821049024,0.9746478873239437,0.0,0.0,0.0,0.752,0.5364120781527532,0,0.18881700062219023,0.14760316732784373
0.09090909090909091,0.33333333333333337,0.6666666666666666,0.6000000000000001,0.21428571428571427,0.25,0.28668941979522183,0.125,0.3566284108209392,0.576186399871596,0.20154790254625388,0.4089989139000998,0.8730825019821128,0.2818775319682194,0.7669683459233042,0.5625,0.6526315789473685,0.3509560251819607,0.5071241858073363,0.4366197183098592,0.0,0.0,0.0,0.544,0.1853167554766134,0,0.2069579926431641,0.21224671625470795
0.8181818181818182,0.8333333333333334,0.4444444444444444,0.0,0.14285714285714285,0.037037037037037035,0.10921501706484643,0.75,0.028223445368310104,0.20549997324915734,0.010258289063931123,0.026094103047947875,0.08179791087057646,0.003596177532756211,0.5259753879653215,0.375,0.7473684210526316,0.44618409043038687,0.8787495714775454,0.6873239436619719,0.0,0.0,0.0,0.648,0.2649496743635287,0,0.15505529144116167,0.21224671625470795
0.5454545454545454,0.5,0.05555555555555555,0.6000000000000001,0.0,0.2962962962962963,0.4402730375426621,1.0,0.5435940976695164,0.4439926524352184,0.11819930390181352,0.6309663029648315,0.621869201085582,0.728469163216533,1.0,0.15625,0.4421052631578947,0.3627980996512906,0.4385713061364416,0.6084507042253522,0.0,0.0,0.0,0.6639999999999999,0.24511545293072823,1,0.08958222121785143,0.07913848534910893
0.2727272727272727,0.16666666666666666,0.5,0.20000000000000004,0.21428571428571427,0.12037037037037036,0.3378839590443686,0.875,0.13376859116992623,0.9377953738876108,0.24038285400256457,0.14033039321938404,1.0,0.17732779474678284,0.4136087725182285,0.28125,0.15789473684210525,0.33717147604671294,0.6694913438464176,0.4028169014084507,0.0,0.0,0.0,0.696,0.298105387803434,0,0.18305109802166383,0.21224671625470795
0.7272727272727273,0.6666666666666666,0.0,0.20000000000000004,0.0,0.07407407407407407,0.19112627986348124,0.625,0.12314088300737792,0.16100440497208995,0.014654698662758746,0.11701451741892377,0.21043704860214088,0.45934387006324034,0.5396937616619154,0.4375,0.7263157894736842,0.4080366963888693,0.86308707576277,0.6084507042253522,0.0,0.0,0.0,0.712,0.0994671403197158,0,0.07820028288386746,0.07913848534910893
0.9090909090909091,0.0,0.05555555555555555,0.20000000000000004,0.0,0.2962962962962963,0.3003412969283276,0.375,0.8798161377210446,0.663483316391133,0.8932496794284668,1.0,0.9285148853085841,0.41378505475033117,0.6379310766886747,0.5625,0.042105263157894736,0.3557537035736852,0.8026118443606444,0.6084507042253522,0.0,0.0,0.0,0.568,0.23830669034931914,0,0.08246356734113294,0.07913848534910893
0.9090909090909091,0.8333333333333334,0.05555555555555555,0.5000000000000001,0.0,0.24074074074074076,0.6484641638225256,0.375,0.3017625014638716,0.663483316391133,0.10670452463821213,0.4400904734021934,0.9285148853085841,0.41378505475033117,0.6379310766886747,0.5,0.8631578947368421,0.6788597907744156,0.39681179293795,0.6084507042253522,0.0,0.0,0.0,0.49600000000000005,0.3111308466548253,0,0.09659309146428681,0.07913848534910893
0.8181818181818182,0.16666666666666666,0.5555555555555556,0.1,0.2857142857142857,0.1111111111111111,0.3378839590443686,0.875,0.09614708982316432,0.9761293314072726,0.03796482872320937,0.07340568566895256,1.0,0.17732779474678284,0.4136087725182285,0.28125,0.6736842105263158,0.5162067916403379,0.8475102845389098,0.15492957746478875,0.05760963026655202,0.0,0.0,0.584,0.17880402605091772,0,0.24744941091408545,0.4277788680726438
0.4545454545454545,0.8333333333333334,0.38888888888888884,0.0,0.07142857142857142,0.5833333333333333,0.0887372013651877,0.8125,0.37393137369715423,0.5850052609990548,0.18322952921780544,0.3295760252468753,0.2323281720291838,0.09813984418242278,0.41409858354947704,0.03125,0.17894736842105263,0.5564604835123685,0.8142140898183065,0.08169014084507042,0.0034393809114359416,0.0,0.0,0.648,0.36412078152753113,0,0.15111352794995464,0.14760316732784373
0.09090909090909091,0.16666666666666666,0.6666666666666666,0.1,0.14285714285714285,0.25925925925925924,0.07508532423208189,0.8125,0.43517976343834175,0.456619050166747,0.11361971056970141,0.6309663029648315,0.2323281720291838,0.09813984418242278,0.41409858354947704,0.3125,0.4421052631578947,0.3627980996512906,0.4385713061364416,0.04225352112676056,0.0,0.0,0.0,0.624,0.17229129662522202,1,0.18259855743979886,0.21224671625470795
0.09090909090909091,0.16666666666666666,0.8888888888888888,0.1,0.2857142857142857,0.10185185185185185,0.3378839590443686,0.875,0.3566284108209392,0.7966400941629662,0.20429565854552115,0.4089989139000998,1.0,0.17732779474678284,0.4136087725182285,0.375,0.6526315789473685,0.3509560251819607,0.5071241858073363,0.5211267605633804,0.0,0.0,0.0,0.632,0.1193013617525163,0,0.27170176478982616,0.21224671625470795
0.6363636363636364,0.16666666666666666,0.5,0.4,0.14285714285714285,0.1388888888888889,0.3378839590443686,0.875,0.14764609439044385,0.9755586467640397,0.25966294193075656,0.14033039321938404,1.0,0.17732779474678284,0.4136087725182285,0.5625,0.15789473684210525,0.33717147604671294,0.6694913438464176,0.28169014084507044,0.0,0.0,0.0,0.872,0.21195973949082297,0,0.18661654341154438,0.21224671625470795
0.7272727272727273,0.9999999999999999,0.7222222222222222,0.1,0.2857142857142857,0.12037037037037036,0.3378839590443686,0.875,0.10188546668228131,0.9082267758101047,0.076021249313061,0.11506000323618193,1.0,0.17732779474678284,0.4136087725182285,0.5,0.4526315789473684,0.27033162489175966,0.7402189749742886,0.1943661971830986,0.0,0.0,0.0,0.816,0.24511545293072823,0,0.24359002995717707,0.21224671625470795
0.09090909090909091,0.0,0.4444444444444444,0.20000000000000004,0.14285714285714285,0.027777777777777776,0.020477815699658702,0.8125,0.004157395479564348,0.456619050166747,0.015891188862429018,0.00468780739362798,0.2323281720291838,0.09813984418242278,0.41409858354947704,0.5625,0.6210526315789473,0.3601067190900793,0.4589582619129242,0.7915492957746479,0.0,0.0,0.0,0.592,0.1853167554766134,0,0.1499399434645982,0.21224671625470795
0.1818181818181818,0.9999999999999999,0.38888888888888884,0.20000000000000004,0.14285714285714285,0.027777777777777776,0.3583617747440273,0.375,0.02746223211148846,0.7005153995684198,0.011998534530133723,0.022215108313146,0.9285148853085841,0.41378505475033117,0.6379310766886747,0.84375,0.5578947368421052,0.4319314751105806,0.8907374871443264,0.04507042253521127,0.031814273430782455,0.0,0.0,0.544,0.1521610420367081,0,0.18549112754434688,0.2168508202460431
0.6363636363636364,0.33333333333333337,0.8888888888888888,1.0,0.2857142857142857,0.018518518518518517,0.4675767918088737,0.0,0.009573720576179875,0.16833413585861287,0.007739512731269463,0.019465052145600244,0.1867189342798414,0.09279779051350562,0.7548621460569017,0.21875,0.3684210526315789,0.030400898687074296,0.03535310250257129,0.8338028169014085,0.0,0.0,0.0,0.7919999999999999,0.23179396092362345,1,0.26903908459071296,0.21224671625470795
0.9999999999999999,0.16666666666666666,0.3333333333333333,0.5000000000000001,0.14285714285714285,0.3055555555555555,0.5017064846416383,0.375,0.33982316430495374,0.6769389902448594,0.2530683275325151,0.35178461463243144,0.9285148853085841,0.41378505475033117,0.6379310766886747,0.0,0.5157894736842105,0.6189239158417001,0.7084333219060678,0.21408450704225354,0.0,0.0,0.0,0.6799999999999999,0.0926583777383067,0,0.11617579451583646,0.14760316732784373
0.9090909090909091,0.8333333333333334,0.38888888888888884,0.5000000000000001,0.14285714285714285,0.611111111111111,0.10921501706484643,0.8125,0.6975641175781707,0.5432204447773439,0.06397691884960616,0.660481213265552,0.2323281720291838,0.09813984418242278,0.41409858354947704,0.125,0.14736842105263157,0.3382714315804254,0.667595131984916,0.8760563380281691,0.0,0.0,0.0,0.52,0.14564831261101244,0,0.1491394307622953,0.14760316732784373
0.7272727272727273,0.16666666666666666,0.5555555555555556,0.1,0.2857142857142857,0.08333333333333333,0.3378839590443686,0.875,0.06405902330483663,0.9082267758101047,0.05174940465286682,0.08363993634732847,1.0,0.17732779474678284,0.4136087725182285,0.59375,0.5894736842105263,0.35657281939666263,0.4443670723345903,0.8056338028169014,0.0,0.0,0.0,0.72,0.15896980461811724,0,0.1725780746702907,0.21224671625470795
0.6363636363636364,0.33333333333333337,0.9444444444444444,0.20000000000000004,0.14285714285714285,0.046296296296296294,0.6279863481228669,0.9375,0.18740484834289728,0.11337007115724146,0.07135006411430665,0.3074922267608962,0.171586476471634,0.026330430789386714,0.5297091086615016,0.0625,0.22105263157894736,0.17866086264597814,0.8484101816935207,0.15774647887323945,0.008598452278589854,0.0,0.0,0.7919999999999999,0.0926583777383067,0,0.31283147580926474,0.3301204749341901
0.0,0.8333333333333334,0.1111111111111111,0.4,0.0,0.16666666666666669,0.447098976109215,0.875,0.15827380255299217,0.9075758386389172,0.10679611650485438,0.18718448681488692,1.0,0.17732779474678284,0.4136087725182285,0.0625,0.9263157894736842,0.22310374686980727,0.8228809564621186,0.6084507042253522,0.007738607050730868,0.0,0.0,0.688,0.2649496743635287,0,0.13768791852504073,0.07913848534910893
0.9999999999999999,0.6666666666666666,0.2777777777777778,0.0,0.07142857142857142,0.1388888888888889,0.3378839590443686,0.875,0.17891439278604054,0.960052074973695,0.11673383403553765,0.18718448681488692,1.0,0.17732779474678284,0.4136087725182285,0.46875,0.9263157894736842,0.22310374686980727,0.8228809564621186,0.09577464788732395,0.0,0.0,0.0,0.696,0.36412078152753113,0,0.15655058245219602,0.14760316732784373
0.6363636363636364,0.33333333333333337,0.7777777777777777,0.20000000000000004,0.2857142857142857,0.787037037037037,0.447098976109215,0.875,1.0000000000000002,0.9755586467640397,0.15048543689320387,1.0,1.0,0.17732779474678284,0.4136087725182285,0.03125,0.042105263157894736,0.3557537035736852,0.8026118443606444,0.6535211267605634,0.006878761822871883,0.0,0.0,0.84,0.19863824748371817,1,0.3030306814664893,0.3301204749341901
0.7272727272727273,0.9999999999999999,0.6666666666666666,0.6000000000000001,0.21428571428571427,0.574074074074074,0.3378839590443686,0.875,0.6048717648436586,0.9082267758101047,0.27207363986078037,0.6222891447050592,1.0,0.17732779474678284,0.4136087725182285,0.4375,0.9052631578947368,0.4992861990685483,0.5834976002742545,0.6901408450704226,0.0,0.0,0.0,0.7999999999999999,0.3244523386619302,1,0.269583986569593,0.21224671625470795
0.1818181818181818,0.33333333333333337,0.4444444444444444,0.6000000000000001,0.07142857142857142,0.42592592592592593,0.34812286689419797,0.0,0.762296521840965,0.14128903393790238,0.011174207730353544,0.7061241832423981,0.1867189342798414,0.09279779051350562,0.7548621460569017,0.21875,0.11578947368421053,0.5508670926068946,0.7653411038738429,0.8338028169014085,0.046431642304385214,0.0,0.0,0.544,0.35109532267613974,0,0.26087669655630163,0.3301204749341901
0.6363636363636364,0.9999999999999999,0.05555555555555555,0.4,0.0,0.07407407407407407,0.10921501706484643,0.8125,0.01897177655463169,0.6108554919479964,0.012410697930023813,0.013002233896793735,0.2323281720291838,0.09813984418242278,0.41409858354947704,0.09375,0.06315789473684211,0.3539282454539072,0.7776611244429208,0.6084507042253522,0.019776440240756664,0.0,0.0,0.736,0.20515097690941386,0,0.09715191786626695,0.07913848534910893
0.2727272727272727,0.6666666666666666,0.3333333333333333,0.30000000000000004,0.07142857142857142,0.3796296296296296,0.4641638225255973,0.375,0.34553226373111606,0.6796586592477664,0.24908408133357757,0.35178461463243144,0.9285148853085841,0.41378505475033117,0.6379310766886747,0.09375,0.5157894736842105,0.6189239158417001,0.7084333219060678,0.8760563380281691,0.0,0.0,0.0,0.768,0.15896980461811724,0,0.12570068188177946,0.14760316732784373
0.9090909090909091,0.5,0.05555555555555555,0.6000000000000001,0.0,0.2962962962962963,0.48464163822525597,0.5,0.5567982199320763,0.05837925561321849,0.09369847957501375,0.6222891447050592,0.10715826419984809,0.332155861369312,0.0,0.03125,0.9052631578947368,0.4992861990685483,0.5834976002742545,0.6084507042253522,0.0,0.0,0.0,0.52,0.2516281823564239,0,0.11982620298389762,0.07913848534910893
0.36363636363636365,0.0,0.2222222222222222,0.20000000000000004,0.07142857142857142,0.48148148148148145,0.10921501706484643,0.4375,0.8110434477105047,0.13623312467676066,0.011036819930390181,0.7061241832423981,0.05725000106513142,0.0,0.389352166528466,0.15625,0.11578947368421053,0.5508670926068946,0.7653411038738429,0.4169014084507042,0.004299226139294927,0.0,0.0,0.64,0.298105387803434,0,0.14722435967704373,0.14760316732784373
0.0,0.9999999999999999,0.2222222222222222,0.1,0.14285714285714285,0.037037037037037035,0.020477815699658702,0.8125,0.01560487176484366,0.5040126263977316,0.008334859864444037,0.03404230551186969,0.2323281720291838,0.09813984418242278,0.41409858354947704,0.53125,0.5789473684210527,0.36546607690327404,0.447216746657525,0.8028169014084507,0.0,0.0,0.0,0.568,0.14564831261101244,0,0.10183824270881828,0.14760316732784373
0.6363636363636364,0.0,0.5,0.20000000000000004,0.2857142857142857,0.45370370370370366,0.28668941979522183,0.125,0.5472244993558965,0.6708932998056106,0.37351163216706357,0.4507836100191261,0.8730825019821128,0.2818775319682194,0.7669683459233042,0.4375,0.18947368421052632,0.3926841255353507,0.8400111415838188,0.6873239436619719,0.0,0.0,0.0,0.728,0.21195973949082297,0,0.17091230896039067,0.21224671625470795
0.09090909090909091,0.16666666666666666,0.8888888888888888,0.20000000000000004,0.21428571428571427,0.2962962962962963,0.2901023890784983,0.25,0.6339149783346997,0.04759866602464644,0.04419307565488184,0.7061241832423981,0.0,0.0,0.8684696622603216,0.34375,0.11578947368421053,0.5508670926068946,0.7653411038738429,0.10704225352112677,0.0,0.005813953488372093,0.0,0.264,0.3709295441089402,0,0.31372090106297756,0.21224671625470795
0.5454545454545454,0.8333333333333334,0.1111111111111111,0.0,0.07142857142857142,0.25,0.10921501706484643,0.8125,0.41840379435531094,0.5986749415939936,0.15195090675947975,0.4280109005782056,0.2323281720291838,0.09813984418242278,0.41409858354947704,0.09375,0.8210526315789474,0.4488520676823702,0.39607259170380527,0.09295774647887324,0.0,0.0,0.0,0.712,0.27146240378922437,0,0.0952552794136883,0.1255118678665223
0.4545454545454545,0.16666666666666666,0.05555555555555555,0.1,0.0,0.2777777777777778,0.10921501706484643,0.75,0.28375688019674433,0.19089401316141458,0.0882029675764792,0.38138590072371736,0.08179791087057646,0.003596177532756211,0.5259753879653215,0.125,0.5473684210526316,0.5208640501766949,0.9124742886527254,0.6084507042253522,0.0,0.0,0.0,0.6719999999999999,0.27146240378922437,0,0.08800626934801782,0.07913848534910893
0.09090909090909091,0.16666666666666666,0.6666666666666666,0.9,0.0,0.4166666666666667,0.7610921501706485,1.0,0.09954327204590703,0.3382198205910153,0.07437259571350065,0.16526645534476397,0.621869201085582,0.728469163216533,1.0,0.65625,0.9789473684210526,0.4798146457909148,0.8772711690092561,0.6084507042253522,0.0,0.0,0.0,0.4,0.21195973949082297,1,0.2852149363341995,0.36937394699542697
0.2727272727272727,0.0,0.7777777777777777,0.20000000000000004,0.2857142857142857,0.23148148148148145,0.10921501706484643,0.1875,0.30706171682866845,0.17437982629786172,0.001099102399706906,0.38138590072371736,0.056624091103983545,1.0,0.44954747284006497,0.0625,0.5473684210526316,0.5208640501766949,0.9124742886527254,0.15774647887323945,0.08598452278589853,0.0,0.0,0.64,0.5627590290112493,0,0.4105473235933584,0.4277788680726438
0.9090909090909091,0.5,0.7222222222222222,0.4,0.2857142857142857,0.12037037037037036,0.4573378839590444,0.9375,0.12785454971308113,0.10493463877445472,0.012410697930023813,0.1443264958319607,0.171586476471634,0.026330430789386714,0.5297091086615016,0.21875,0.05263157894736842,0.2750824966650284,0.66073877271169,0.6535211267605634,0.0,0.0,0.0,0.72,0.3111308466548253,0,0.24888773624199362,0.21224671625470795
0.8181818181818182,0.5,0.1111111111111111,0.4,0.0,0.1111111111111111,0.4402730375426621,1.0,0.09017449350040989,0.43997110908993636,0.0084722476644074,0.06372717356761118,0.621869201085582,0.728469163216533,1.0,0.125,0.6842105263157895,0.504364717171008,0.8192063764141241,0.6084507042253522,0.0,0.0,0.0,0.7999999999999999,0.2912966252220249,0,0.10358504507127231,0.07913848534910893
0.1818181818181818,0.16666666666666666,0.0,0.8,0.21428571428571427,0.05555555555555555,0.48464163822525597,0.5,0.015985478393254475,0.03639006295364971,0.002381388532698296,0.03404230551186969,0.10715826419984809,0.332155861369312,0.0,0.0625,0.5789473684210527,0.36546607690327404,0.447216746657525,0.7859154929577465,0.0,0.0,0.0,0.616,0.21847246891651864,0,0.10704108359901661,0.1255118678665223
0.2727272727272727,0.0,0.3333333333333333,0.30000000000000004,0.07142857142857142,0.45370370370370366,0.3754266211604096,1.0,0.7331654760510599,0.41179355483031055,0.2967118519875435,0.7061241832423981,0.621869201085582,0.728469163216533,1.0,0.4375,0.11578947368421053,0.5508670926068946,0.7653411038738429,0.47042253521126765,0.1358555460017197,0.0,0.0,0.48800000000000004,0.2649496743635287,1,0.27472189558760746,0.2168508202460431
0.2727272727272727,0.8333333333333334,0.4444444444444444,0.20000000000000004,0.07142857142857142,0.23148148148148145,0.4641638225255973,0.375,0.3681637194050826,0.6796586592477664,0.05193258838615131,0.4280109005782056,0.9285148853085841,0.41378505475033117,0.6379310766886747,0.09375,0.8210526315789474,0.4488520676823702,0.39607259170380527,0.21408450704225354,0.0,0.0,0.0,0.5599999999999999,0.6885731201894613,0,0.2086940015909625,0.21224671625470795
0.4545454545454545,0.9999999999999999,0.05555555555555555,0.0,0.0,0.23148148148148145,0.2252559726962457,0.375,0.1999355896474997,0.7276318370695344,0.037048910056786954,0.22186657850593167,0.9285148853085841,0.41378505475033117,0.6379310766886747,0.53125,0.8105263157894737,0.3345034987947294,0.4516519540623929,0.6084507042253522,0.0,0.0,0.0,0.624,0.1521610420367081,0,0.07182351408915157,0.07913848534910893
0.6363636363636364,0.6666666666666666,0.8888888888888888,0.30000000000000004,0.07142857142857142,0.21296296296296297,0.2901023890784983,0.25,0.29019791544677365,0.04543184776987142,0.04831470965378274,0.38138590072371736,0.0,0.0,0.8684696622603216,0.34375,0.5473684210526316,0.5208640501766949,0.9124742886527254,0.16901408450704225,0.0,0.0,0.0,0.768,0.24511545293072823,1,0.27852158755027034,0.21224671625470795
0.5454545454545454,0.0,0.7777777777777777,0.1,0.2857142857142857,0.5185185185185185,0.2252559726962457,0.375,0.8278486942264902,0.7568259233499189,0.05596263051840996,0.7061241832423981,0.9285148853085841,0.41378505475033117,0.6379310766886747,0.625,0.11578947368421053,0.5508670926068946,0.7653411038738429,0.5802816901408451,0.0,0.0,0.0,0.7919999999999999,0.1853167554766134,0,0.2743137693804452,0.21224671625470795
0.09090909090909091,0.16666666666666666,0.4444444444444444,0.20000000000000004,0.21428571428571427,0.1388888888888889,0.2252559726962457,0.375,0.24323691298746924,0.5500954113387906,0.1031782377724858,0.3749435705330504,0.9285148853085841,0.41378505475033117,0.6379310766886747,0.625,0.3368421052631579,0.5195300615507032,0.9167059478916695,0.14084507042253522,0.0,0.0,0.0,0.6,0.1654825340438129,0,0.14584130650267946,0.21224671625470795
0.1818181818181818,0.0,0.05555555555555555,0.0,0.07142857142857142,0.0,0.2696245733788396,0.5625,0.03138540812741539,0.011306689494052398,0.05962630518409965,0.0538640361241716,0.0334796759366669,0.34584261342805195,0.8596542776389176,0.5625,0.34736842105263155,0.05759554400992295,0.03119643469317812,0.3830985915492958,0.0,0.0,0.0,0.704,0.298105387803434,0,0.0730144777274112,0.1255118678665223
0.7272727272727273,0.16666666666666666,0.05555555555555555,0.30000000000000004,0.0,0.09259259259259259,0.3617747440273037,0.125,0.38113362220400515,0.6326663456565549,0.02775233559259938,0.37706292045627837,0.8730825019821128,0.2818775319682194,0.7669683459233042,0.5625,0.29473684210526313,0.27014439841793625,0.6857002056907782,0.6084507042253522,0.0,0.0,0.0,0.7999999999999999,0.298105387803434,0,0.10386140546183069,0.07913848534910893
0.2727272727272727,0.8333333333333334,0.5555555555555556,0.1,0.14285714285714285,0.2222222222222222,0.0887372013651877,0.8125,0.4807940039817309,0.5483922743566423,0.11467301703608719,0.6309663029648315,0.2323281720291838,0.09813984418242278,0.41409858354947704,0.03125,0.4421052631578947,0.3627980996512906,0.4385713061364416,0.13802816901408452,0.0,0.0,0.0,0.6,0.19863824748371817,0,0.1578632295844583,0.21224671625470795
0.4545454545454545,0.9999999999999999,0.16666666666666666,0.20000000000000004,0.07142857142857142,0.7685185185185184,0.4573378839590444,0.9375,0.9630518796111958,0.10674477912720917,0.03865176772302619,1.0,0.171586476471634,0.026330430789386714,0.5297091086615016,0.1875,0.042105263157894736,0.3557537035736852,0.8026118443606444,0.6535211267605634,0.0,0.0,0.0,0.7919999999999999,0.20515097690941386,1,0.13495703256039196,0.1255118678665223
0.8181818181818182,0.33333333333333337,0.2222222222222222,0.20000000000000004,0.07142857142857142,0.6574074074074073,0.48805460750853247,0.125,0.566489050240075,0.6650170313698215,0.403920131892288,0.4507836100191261,0.8730825019821128,0.2818775319682194,0.7669683459233042,0.3125,0.18947368421052632,0.3926841255353507,0.8400111415838188,0.1915492957746479,0.0,0.0,0.0,0.64,0.1193013617525163,0,0.10857876696589873,0.14760316732784373
0.09090909090909091,0.33333333333333337,0.611111111111111,0.20000000000000004,0.07142857142857142,0.4444444444444444,0.3617747440273037,0.125,0.5738376859116993,0.576186399871596,0.49615314160102586,0.660481213265552,0.8730825019821128,0.2818775319682194,0.7669683459233042,0.46875,0.14736842105263157,0.3382714315804254,0.667595131984916,0.47887323943661975,0.0,0.0,0.0,0.5599999999999999,0.21847246891651864,1,0.17521918268150224,0.21224671625470795
0.0,0.6666666666666666,0.5,0.4,0.14285714285714285,0.046296296296296294,0.5324232081911263,0.625,0.038294882304719516,0.15944393915074992,0.0330188679245283,0.04962324090813317,0.21043704860214088,0.45934387006324034,0.5396937616619154,0.125,0.6105263157894737,0.1928900746565564,0.8490315392526568,0.4169014084507042,0.0,0.0,0.0,0.752,0.23830669034931914,0,0.2177053487583538,0.21224671625470795
0.7272727272727273,0.6666666666666666,0.7222222222222222,0.20000000000000004,0.3571428571428571,0.8425925925925926,0.020477815699658702,0.8125,0.8046316898934301,0.5452624257664117,0.2452830188679245,0.7061241832423981,0.2323281720291838,0.09813984418242278,0.41409858354947704,0.5,0.11578947368421053,0.5508670926068946,0.7653411038738429,0.23098591549295777,0.0,0.0,0.0,0.752,0.11249259917110715,0,0.2310016713692203,0.21224671625470795
0.9090909090909091,0.8333333333333334,0.3333333333333333,0.30000000000000004,0.0,0.6388888888888888,0.07508532423208189,0.6875,0.5407249092399579,0.11482353360797531,0.009800329730719912,0.4507836100191261,0.05562658583545617,0.0,0.3794301593737799,0.53125,0.18947368421052632,0.3926841255353507,0.8400111415838188,0.6084507042253522,0.0,0.0,0.0,0.52,0.4369449378330373,0,0.17186286278048327,0.14760316732784373
0.7272727272727273,0.5,0.2222222222222222,0.1,0.07142857142857142,0.26851851851851855,0.19112627986348124,0.625,0.32641410001171095,0.16100440497208995,0.20603590401172375,0.3263477591768457,0.21043704860214088,0.45934387006324034,0.5396937616619154,0.40625,0.42105263157894735,0.5599007699688735,0.9463918409324648,0.4028169014084507,0.0,0.0,0.0,0.6,0.22528123149792778,0,0.11214913389802231,0.14760316732784373
0.5454545454545454,0.33333333333333337,0.3333333333333333,0.20000000000000004,0.14285714285714285,0.17592592592592593,0.10921501706484643,0.75,0.2874165593160792,0.1901717404098229,0.08742443671002015,0.38138590072371736,0.08179791087057646,0.003596177532756211,0.5259753879653215,0.125,0.5473684210526316,0.5208640501766949,0.9124742886527254,0.2563380281690141,0.13757523645743766,0.0,0.0,0.7919999999999999,0.14564831261101244,0,0.23760669943587245,0.2168508202460431
0.8181818181818182,0.0,0.8888888888888888,0.30000000000000004,0.3571428571428571,0.009259259259259259,0.0887372013651877,0.75,0.04965452629113479,0.20549997324915734,0.016715515662209197,0.05100897865866081,0.08179791087057646,0.003596177532756211,0.5259753879653215,0.4375,0.3157894736842105,0.2818928596503545,0.8319549194377784,0.619718309859155,0.12553740326741186,0.0,0.0,0.696,0.1921255180580225,0,0.43584641756814113,0.4277788680726438
0.5454545454545454,0.8333333333333334,0.2222222222222222,1.0,0.0,0.3888888888888889,0.7815699658703071,0.125,0.7477163602295351,0.6568669413086513,0.6121084447701044,0.660481213265552,0.8730825019821128,0.2818775319682194,0.7669683459233042,0.625,0.14736842105263157,0.3382714315804254,0.667595131984916,0.6084507042253522,0.035253654342218395,0.0,0.0,0.84,0.21195973949082297,0,0.21115646461711676,0.2168508202460431
0.1818181818181818,0.6666666666666666,0.7222222222222222,0.0,0.14285714285714285,0.07407407407407407,0.447098976109215,0.875,0.08847640238903853,0.9678187362901932,0.01309763692984063,0.06841102304091676,1.0,0.17732779474678284,0.4136087725182285,0.03125,0.12631578947368421,0.48229539656907483,0.8000192835104559,0.29577464788732394,0.0,0.0,0.0,0.512,0.48342214328004735,0,0.278466636109843,0.21224671625470795
0.8181818181818182,0.5,0.7777777777777777,0.1,0.3571428571428571,0.20370370370370372,0.3378839590443686,0.875,0.39424991216770117,0.9761293314072726,0.28416376625755635,0.42672806875606056,1.0,0.17732779474678284,0.4136087725182285,0.53125,0.4631578947368421,0.4128343747805939,0.4734530339389784,0.9690140845070423,0.0,0.0,0.0,0.776,0.15896980461811724,0,0.23425491973598644,0.21224671625470795
0.36363636363636365,0.5,0.611111111111111,0.30000000000000004,0.2857142857142857,0.018518518518518517,0.447098976109215,0.875,0.01156458601709802,0.9641627877944822,0.023676497527019603,0.021298500530244915,1.0,0.17732779474678284,0.4136087725182285,0.125,0.9368421052631579,0.5450162652999134,0.9418923551594103,0.6535211267605634,0.0,0.0,0.0,0.552,0.3111308466548253,1,0.2563086017558809,0.21224671625470795
0.36363636363636365,0.33333333333333337,0.8333333333333333,0.20000000000000004,0.3571428571428571,0.5185185185185185,0.15699658703071673,0.3125,0.5476929382831713,0.16655074634850997,0.3733742443671002,0.4507836100191261,0.05977145765366651,0.0,0.37350966867528246,0.09375,0.18947368421052632,0.3926841255353507,0.8400111415838188,0.21408450704225354,0.0,0.0,0.0,0.656,0.1193013617525163,0,0.25267477448526554,0.21224671625470795
0.36363636363636365,0.9999999999999999,0.5,0.5000000000000001,0.14285714285714285,0.15740740740740738,0.5290102389078498,0.375,0.317484482960534,0.7133290531985091,0.07483055504671185,0.40803248288490485,0.9285148853085841,0.41378505475033117,0.6379310766886747,0.71875,0.6,0.23384586580542477,0.8358437607130613,0.5802816901408451,0.0,0.0,0.0,0.8079999999999999,0.15896980461811724,0,0.21593971465211187,0.21224671625470795
0.4545454545454545,0.8333333333333334,0.5,0.1,0.21428571428571427,0.5277777777777777,0.4709897610921502,0.9375,0.7111488464691416,0.10674477912720917,0.04190327898882579,0.660481213265552,0.171586476471634,0.026330430789386714,0.5297091086615016,0.03125,0.14736842105263157,0.3382714315804254,0.667595131984916,0.16901408450704225,0.04901117798796216,0.0,0.0,0.8079999999999999,0.19863824748371817,0,0.24418262512367794,0.3301204749341901
0.36363636363636365,0.0,0.8888888888888888,0.1,0.5,0.24074074074074076,0.10921501706484643,0.75,0.27380255299215367,0.19517414798566154,0.0801428833119619,0.28571737887890747,0.08179791087057646,0.003596177532756211,0.5259753879653215,0.34375,0.6421052631578947,0.5014861101359732,0.9009363215632499,0.6281690140845071,0.0,0.0,0.0,0.7919999999999999,0.3839550029603316,0,0.33117089106117886,0.21224671625470795
0.9090909090909091,0.5,0.1111111111111111,0.4,0.0,0.07407407407407407,0.3378839590443686,0.875,0.036245461997892026,0.9144151374101618,0.02115772119435794,0.046667605702664726,1.0,0.17732779474678284,0.4136087725182285,0.65625,0.08421052631578947,0.5499543635470056,0.9284260370243399,0.6084507042253522,0.0,0.0,0.0,0.47200000000000003,0.4769094138543517,1,0.13361400953424882,0.07913848534910893
0.09090909090909091,0.8333333333333334,0.5555555555555556,0.4,0.21428571428571427,0.18518518518518517,0.3617747440273037,0.5,0.212115001756646,0.027294776452124907,0.0045795933321121085,0.2317259908478913,0.10715826419984809,0.332155861369312,0.0,0.53125,0.7894736842105263,0.5229235413887523,0.5075741343846418,0.7971830985915493,0.0,0.0,0.0,0.512,0.39727649496743633,1,0.2543794261351553,0.21224671625470795
0.6363636363636364,0.8333333333333334,0.16666666666666666,0.30000000000000004,0.0,0.5092592592592592,0.5290102389078498,0.375,0.39615294530975526,0.7622206766179802,0.24445869206814433,0.3295760252468753,0.9285148853085841,0.41378505475033117,0.6379310766886747,0.5625,0.17894736842105263,0.5564604835123685,0.8142140898183065,0.6084507042253522,0.01633705932932072,0.0,0.0,0.768,0.24511545293072823,1,0.1340409781136979,0.07913848534910893
0.4545454545454545,0.6666666666666666,0.7777777777777777,0.30000000000000004,0.21428571428571427,0.21296296296296297,0.48805460750853247,0.125,0.30873053050708515,0.6316498136357962,0.06599193991573549,0.40803248288490485,0.8730825019821128,0.2818775319682194,0.7669683459233042,0.1875,0.6,0.23384586580542477,0.8358437607130613,0.6873239436619719,0.0,0.0,0.0,0.84,0.2581409117821196,1,0.2624122933606354,0.21224671625470795
0.8181818181818182,0.9999999999999999,0.4444444444444444,0.4,0.14285714285714285,0.10185185185185185,0.447098976109215,0.875,0.15110083147909592,0.9761293314072726,0.26222751419673934,0.14033039321938404,1.0,0.17732779474678284,0.4136087725182285,0.125,0.15789473684210525,0.33717147604671294,0.6694913438464176,0.47887323943661975,0.006018916595012898,0.0,0.0,0.7839999999999999,0.27827116637063354,0,0.17477245369260552,0.3301204749341901
0.2727272727272727,0.6666666666666666,0.16666666666666666,0.0,0.07142857142857142,0.8055555555555555,0.10921501706484643,0.4375,0.9245227778428388,0.13431598095340003,0.1333577578311046,1.0,0.05725000106513142,0.0,0.389352166528466,0.15625,0.042105263157894736,0.3557537035736852,0.8026118443606444,0.09014084507042254,0.004299226139294927,0.0,0.0,0.704,0.22528123149792778,0,0.1098558514915488,0.1255118678665223
0.6363636363636364,0.6666666666666666,0.05555555555555555,0.0,0.0,0.25,0.4368600682593856,0.125,0.301089120505914,0.6708932998056106,0.06837332844843379,0.40803248288490485,0.8730825019821128,0.2818775319682194,0.7669683459233042,0.3125,0.6,0.23384586580542477,0.8358437607130613,0.6084507042253522,0.03353396388650043,0.0,0.0,0.7919999999999999,0.17229129662522202,1,0.09925299866943385,0.07913848534910893
0.0,0.16666666666666666,0.7222222222222222,0.1,0.2857142857142857,0.046296296296296294,0.0,0.1875,0.08077643752195808,0.16209227257325273,0.011311595530316907,0.07340568566895256,0.056624091103983545,1.0,0.44954747284006497,0.5,0.6736842105263158,0.5162067916403379,0.8475102845389098,0.4169014084507042,0.0,0.0,0.0,0.32,0.3046181172291296,0,0.2339125884822175,0.21224671625470795
0.2727272727272727,0.9999999999999999,1.0,0.8,0.4285714285714286,0.16666666666666669,0.4573378839590444,0.9375,0.35577936526525356,0.09571451500722272,0.059214141784209556,0.42672806875606056,0.171586476471634,0.026330430789386714,0.5297091086615016,0.15625,0.4631578947368421,0.4128343747805939,0.4734530339389784,0.04788732394366198,0.0,0.0,0.0,0.76,0.0926583777383067,0,0.33823736873311866,0.21224671625470795
0.6363636363636364,0.33333333333333337,1.0,0.8,0.2857142857142857,0.0,0.3754266211604096,1.0,0.4091814029745872,0.4469530790219892,0.22696464553947607,0.37706292045627837,0.621869201085582,0.728469163216533,1.0,0.46875,0.29473684210526313,0.27014439841793625,0.6857002056907782,0.15774647887323945,0.0,0.0,0.0,0.824,0.2581409117821196,0,0.37021478904795546,0.21224671625470795
0.4545454545454545,0.0,0.6666666666666666,0.1,0.21428571428571427,0.1388888888888889,0.28668941979522183,0.125,0.1999355896474997,0.6316498136357962,0.03553764425718996,0.22186657850593167,0.8730825019821128,0.2818775319682194,0.7669683459233042,0.4375,0.8105263157894737,0.3345034987947294,0.4516519540623929,0.6901408450704226,0.0,0.0,0.0,0.64,0.1654825340438129,0,0.1781220411110142,0.21224671625470795
0.5454545454545454,0.16666666666666666,0.6666666666666666,0.20000000000000004,0.21428571428571427,0.6388888888888888,0.3890784982935154,0.375,0.9950228363977046,0.7568259233499189,0.9968858765341637,1.0,0.9285148853085841,0.41378505475033117,0.6379310766886747,0.71875,0.042105263157894736,0.3557537035736852,0.8026118443606444,0.3887323943661972,0.010318142734307824,0.0,0.0,0.816,0.1521610420367081,0,0.22923576360542033,0.3301204749341901
0.4545454545454545,0.5,0.0,0.4,0.0,0.06481481481481481,0.28668941979522183,0.125,0.06692821173439513,0.6316498136357962,0.03182817365817915,0.07717339299704204,0.8730825019821128,0.2818775319682194,0.7669683459233042,0.1875,0.7999999999999999,0.25961290926537006,0.6521790366815221,0.6084507042253522,0.0,0.0,0.0,0.84,0.3179396092362345,0,0.08505423724470547,0.07913848534910893
0.09090909090909091,0.5,0.2222222222222222,0.30000000000000004,0.07142857142857142,0.24074074074074076,0.3378839590443686,0.875,0.2834055510012882,0.7966400941629662,0.14237955669536545,0.40803248288490485,1.0,0.17732779474678284,0.4136087725182285,0.25,0.6,0.23384586580542477,0.8358437607130613,0.04788732394366198,0.002579535683576956,0.0,0.0,0.752,0.1654825340438129,1,0.1277010159034789,0.14760316732784373
0.0,0.33333333333333337,0.5555555555555556,0.1,0.14285714285714285,0.23148148148148145,0.34812286689419797,0.0,0.35004098840613657,0.13137338826173023,0.03278988825792269,0.42672806875606056,0.1867189342798414,0.09279779051350562,0.7548621460569017,0.25,0.4631578947368421,0.4128343747805939,0.4734530339389784,0.8338028169014085,0.0,0.0,0.0,0.528,0.0994671403197158,0,0.14934193936336504,0.21224671625470795
0.4545454545454545,0.16666666666666666,0.3333333333333333,0.1,0.07142857142857142,0.1388888888888889,0.3378839590443686,0.875,0.37393137369715423,0.9567617213275551,0.023355925993771755,0.3295760252468753,1.0,0.17732779474678284,0.4136087725182285,0.625,0.17894736842105263,0.5564604835123685,0.8142140898183065,0.15492957746478875,0.0,0.0,0.0,0.704,0.08614564831261101,1,0.15206893389363307,0.14760316732784373
0.5454545454545454,0.33333333333333337,0.2222222222222222,0.1,0.14285714285714285,0.14814814814814814,0.3378839590443686,0.875,0.17747979857126128,1.0,0.16449899248946692,0.15415377917365608,1.0,0.17732779474678284,0.4136087725182285,0.375,0.5368421052631579,0.4139343303143065,0.7784538909838875,0.5211267605633804,0.18400687876182287,0.0,0.0,0.7999999999999999,0.14564831261101244,0,0.28590222334985316,0.2168508202460431
0.7272727272727273,0.8333333333333334,0.05555555555555555,0.7000000000000001,0.0,0.1111111111111111,0.33447098976109213,1.0,0.12721044618807825,0.4071210743138409,0.00842645173108628,0.12659757379484238,0.621869201085582,0.728469163216533,1.0,0.5625,0.8315789473684211,0.4428608205200215,0.4007220603359616,0.6084507042253522,0.0,0.0,0.0,0.776,0.21195973949082297,0,0.08782434470035895,0.07913848534910893
0.0,0.8333333333333334,0.2777777777777778,0.1,0.14285714285714285,0.12962962962962965,0.5017064846416383,0.375,0.15827380255299217,0.6056925793162485,0.04318556512181718,0.18718448681488692,0.9285148853085841,0.41378505475033117,0.6379310766886747,0.03125,0.9263157894736842,0.22310374686980727,0.8228809564621186,0.04507042253521127,0.007738607050730868,0.0,0.0,0.688,0.2649496743635287,0,0.1480961478469896,0.14760316732784373
0.5454545454545454,0.33333333333333337,0.3333333333333333,0.0,0.0,0.5462962962962963,0.15699658703071673,0.3125,0.5397001990865441,0.16782586984823356,0.38028943029858947,0.4507836100191261,0.05977145765366651,0.0,0.37350966867528246,0.125,0.18947368421052632,0.3926841255353507,0.8400111415838188,0.6084507042253522,0.0,0.0,0.0,0.856,0.20515097690941386,0,0.12988784718908736,0.14760316732784373
0.4545454545454545,0.16666666666666666,0.8888888888888888,0.1,0.2857142857142857,0.1111111111111111,0.447098976109215,0.875,0.17218058320646445,0.9567617213275551,0.1585913170910423,0.15415377917365608,1.0,0.17732779474678284,0.4136087725182285,0.09375,0.5368421052631579,0.4139343303143065,0.7784538909838875,0.5492957746478874,0.0,0.0,0.0,0.752,0.23830669034931914,0,0.30799006742133367,0.21224671625470795
0.8181818181818182,0.0,0.1111111111111111,0.1,0.07142857142857142,0.5462962962962963,0.15699658703071673,0.3125,0.566489050240075,0.1659978956003781,0.37497710203333945,0.4507836100191261,0.05977145765366651,0.0,0.37350966867528246,0.0,0.18947368421052632,0.3926841255353507,0.8400111415838188,0.7126760563380282,0.0,0.0,0.0,0.6799999999999999,0.22528123149792778,0,0.0951637287627907,0.1255118678665223
0.9999999999999999,0.16666666666666666,0.3333333333333333,0.20000000000000004,0.14285714285714285,0.06481481481481481,0.10921501706484643,0.75,0.08818362805949174,0.20274463645604837,0.044605239054771935,0.07435558654633037,0.08179791087057646,0.003596177532756211,0.5259753879653215,0.375,0.30526315789473685,0.49823305015329156,0.7827391155296538,0.7802816901408451,0.0,0.0,0.0,0.4,0.33777383066903494,0,0.13246113244424326,0.14760316732784373
0.5454545454545454,0.5,0.7222222222222222,0.20000000000000004,0.14285714285714285,0.18518518518518517,0.4675767918088737,0.0,0.3712671272982785,0.1682806341733098,0.2960249129877267,0.4400904734021934,0.1867189342798414,0.09279779051350562,0.7548621460569017,0.0625,0.8631578947368421,0.6788597907744156,0.39681179293795,0.21408450704225354,0.017196904557179708,0.0,0.0,0.656,0.2581409117821196,0,0.21721173279035166,0.3301204749341901
0.8181818181818182,0.9999999999999999,0.2777777777777778,0.20000000000000004,0.14285714285714285,0.037037037037037035,0.10921501706484643,0.6875,0.03358121559901628,0.12293795587894352,0.00764792086462722,0.023233923567902194,0.05562658583545617,0.0,0.3794301593737799,0.125,0.8947368421052632,0.4619813241592361,0.7885563078505313,0.1915492957746479,0.10834049871023216,0.0,0.0,0.712,0.24511545293072823,0,0.20535387971909264,0.2168508202460431
0.0,0.6666666666666666,0.6666666666666666,0.1,0.2857142857142857,0.5092592592592592,0.3583617747440273,0.375,0.8707694109380489,0.6056925793162485,0.8613299139036453,1.0,0.9285148853085841,0.41378505475033117,0.6379310766886747,1.0,0.042105263157894736,0.3557537035736852,0.8026118443606444,0.14084507042253522,0.0,0.0,0.0,0.512,0.20515097690941386,0,0.2179756817216884,0.21224671625470795
0.5454545454545454,0.5,0.3333333333333333,0.1,0.14285714285714285,0.19444444444444442,0.19112627986348124,0.625,0.33677831127766716,0.17441549408806378,0.20301337241252976,0.3263477591768457,0.21043704860214088,0.45934387006324034,0.5396937616619154,0.25,0.42105263157894735,0.5599007699688735,0.9463918409324648,0.3380281690140845,0.0,0.0,0.0,0.688,0.2581409117821196,0,0.13853892664163647,0.14760316732784373
0.8181818181818182,0.8333333333333334,0.8888888888888888,0.1,0.3571428571428571,0.32407407407407407,0.10921501706484643,0.75,0.8449467150720226,0.20549997324915734,0.05893936618428283,0.7061241832423981,0.08179791087057646,0.003596177532756211,0.5259753879653215,0.125,0.11578947368421053,0.5508670926068946,0.7653411038738429,0.4450704225352113,0.023215821152192607,0.0,0.0,0.584,0.27827116637063354,0,0.34253149731603266,0.3301204749341901
0.9090909090909091,0.9999999999999999,0.9444444444444444,0.20000000000000004,0.2857142857142857,0.6574074074074073,0.28668941979522183,0.125,0.5407249092399579,0.6384266937741873,0.3861055138303719,0.4507836100191261,0.8730825019821128,0.2818775319682194,0.7669683459233042,0.625,0.18947368421052632,0.3926841255353507,0.8400111415838188,0.5098591549295775,0.0,0.0,0.0,0.544,0.15896980461811724,0,0.2651164509312495,0.21224671625470795
0.4545454545454545,0.0,0.5555555555555556,0.1,0.14285714285714285,0.046296296296296294,0.39590443686006827,0.0,0.028867548893313034,0.15589499402564513,0.06864810404836051,0.03541593668258759,0.1867189342798414,0.09279779051350562,0.7548621460569017,0.4375,0.031578947368421054,0.9999999999999998,0.10028496743229343,0.8338028169014085,0.0,0.0,0.0,0.608,0.19863824748371817,0,0.12250580518092398,0.21224671625470795
0.6363636363636364,0.0,0.16666666666666666,0.5000000000000001,0.0,0.3055555555555555,0.10921501706484643,0.4375,0.3518561892493266,0.15238171669074244,0.018593148928375162,0.3263477591768457,0.05725000106513142,0.0,0.389352166528466,0.34375,0.42105263157894735,0.5599007699688735,0.9463918409324648,0.6084507042253522,0.0008598452278589854,0.0,0.0,0.84,0.33777383066903494,0,0.14006976135367086,0.07913848534910893
0.4545454545454545,0.9999999999999999,0.1111111111111111,0.1,0.0,0.18518518518518517,0.3617747440273037,0.125,0.3745169223562478,0.6316498136357962,0.2161568052756915,0.4089989139000998,0.8730825019821128,0.2818775319682194,0.7669683459233042,0.5625,0.6526315789473685,0.3509560251819607,0.5071241858073363,0.6084507042253522,0.0,0.0,0.0,0.9199999999999999,0.1654825340438129,0,0.08817164958346276,0.07913848534910893
0.09090909090909091,0.5,0.8888888888888888,0.6000000000000001,0.07142857142857142,0.17592592592592593,0.48464163822525597,0.5,0.2834055510012882,0.027294776452124907,0.048039934053856016,0.40803248288490485,0.10715826419984809,0.332155861369312,0.0,0.0625,0.6,0.23384586580542477,0.8358437607130613,0.6873239436619719,0.0,0.0,0.0,0.728,0.1654825340438129,0,0.346602720682483,0.21224671625470795
0.1818181818181818,0.6666666666666666,0.611111111111111,0.20000000000000004,0.3571428571428571,0.6666666666666666,0.020477815699658702,0.4375,0.9573427801850334,0.14810158186649547,0.1436160468950357,1.0,0.05725000106513142,0.0,0.389352166528466,0.5,0.042105263157894736,0.3557537035736852,0.8026118443606444,0.01971830985915493,0.0008598452278589854,0.0,0.0,0.632,0.20515097690941386,0,0.22409373334249044,0.21224671625470795
0.1818181818181818,0.33333333333333337,0.3333333333333333,0.1,0.14285714285714285,0.07407407407407407,0.3378839590443686,0.875,0.09067220986063942,0.9678187362901932,0.15080600842645173,0.10676373660273072,1.0,0.17732779474678284,0.4136087725182285,0.5,0.49473684210526314,0.4512392052236185,0.39772240315392526,0.6169014084507043,0.023215821152192607,0.0,0.0,0.592,0.298105387803434,1,0.15768103905046535,0.2168508202460431
0.8181818181818182,0.33333333333333337,0.3333333333333333,0.20000000000000004,0.07142857142857142,0.46296296296296297,0.39590443686006827,0.125,0.8449467150720226,0.6650170313698215,0.26245649386334496,0.7061241832423981,0.8730825019821128,0.2818775319682194,0.7669683459233042,0.1875,0.11578947368421053,0.5508670926068946,0.7653411038738429,0.1915492957746479,0.0,0.0,0.0,0.49600000000000005,0.41711071640023684,0,0.1656733944265638,0.14760316732784373
0.1818181818181818,0.16666666666666666,0.0,0.20000000000000004,0.0,0.1111111111111111,0.28668941979522183,0.125,0.37735683335285164,0.6484939275587182,0.0490932405202418,0.4280109005782056,0.8730825019821128,0.2818775319682194,0.7669683459233042,0.59375,0.8210526315789474,0.4488520676823702,0.39607259170380527,0.6084507042253522,0.005159071367153912,0.0,0.0,0.592,0.14564831261101244,0,0.07758864822185632,0.07913848534910893
0.36363636363636365,0.5,0.7777777777777777,0.0,0.2857142857142857,0.2962962962962963,0.07508532423208189,0.6875,0.39436702189951983,0.11624132826850711,0.005129144531965561,0.26489499288156393,0.05562658583545617,0.0,0.3794301593737799,0.53125,0.3894736842105263,0.5228065248426128,0.9156453548165923,0.9464788732394367,0.007738607050730868,0.0,0.0,0.6639999999999999,0.21847246891651864,0,0.28775431242569455,0.3301204749341901
0.6363636363636364,0.16666666666666666,0.9444444444444444,0.20000000000000004,0.3571428571428571,0.19444444444444442,0.39590443686006827,0.375,0.41005972596322754,0.7622206766179802,0.3010166697197289,0.35178461463243144,0.9285148853085841,0.41378505475033117,0.6379310766886747,0.53125,0.5157894736842105,0.6189239158417001,0.7084333219060678,0.21408450704225354,0.0,0.0,0.0,0.872,0.1521610420367081,0,0.3063671898251133,0.21224671625470795
0.9090909090909091,0.16666666666666666,0.6666666666666666,0.8,0.07142857142857142,0.18518518518518517,0.447098976109215,0.875,0.2501463871647734,0.9144151374101618,0.03155339805825243,0.28571737887890747,1.0,0.17732779474678284,0.4136087725182285,0.125,0.6421052631578947,0.5014861101359732,0.9009363215632499,0.6901408450704226,0.0,0.0,0.0,0.49600000000000005,0.14564831261101244,0,0.24776652262151413,0.21224671625470795
0.4545454545454545,0.8333333333333334,0.7222222222222222,0.1,0.21428571428571427,0.42592592592592593,0.2593856655290102,1.0,0.39366436350860756,0.4293956092950262,0.2330555046711852,0.37706292045627837,0.621869201085582,0.728469163216533,1.0,0.65625,0.29473684210526313,0.27014439841793625,0.6857002056907782,0.8,0.0,0.0,0.0,0.7919999999999999,0.2912966252220249,0,0.22060861980713162,0.21224671625470795
0.36363636363636365,0.8333333333333334,0.5555555555555556,0.9,0.07142857142857142,0.2777777777777778,0.19795221843003413,0.125,0.49516922356247806,0.6537192588233196,0.15611833669170178,0.6309663029648315,0.8730825019821128,0.2818775319682194,0.7669683459233042,0.15625,0.4421052631578947,0.3627980996512906,0.4385713061364416,0.4169014084507042,0.0,0.0,0.0,0.624,0.2516281823564239,0,0.16595398638494163,0.21224671625470795
0.9999999999999999,0.9999999999999999,0.2222222222222222,0.30000000000000004,0.14285714285714285,0.06481481481481481,0.3378839590443686,0.875,0.130782293008549,0.960052074973695,0.09324052024180253,0.1443264958319607,1.0,0.17732779474678284,0.4136087725182285,0.3125,0.05263157894736842,0.2750824966650284,0.66073877271169,0.1943661971830986,0.0,0.0,0.0,0.5599999999999999,0.08614564831261101,0,0.099457440111812,0.14760316732784373
0.36363636363636365,0.33333333333333337,0.8333333333333333,0.1,0.14285714285714285,0.24074074074074076,0.2901023890784983,0.25,0.3070324393957138,0.028150803416974297,0.048864260853636196,0.38138590072371736,0.0,0.0,0.8684696622603216,0.34375,0.5473684210526316,0.5208640501766949,0.9124742886527254,0.6169014084507043,0.0008598452278589854,0.0,0.0,0.656,0.3111308466548253,0,0.27243068050090663,0.21224671625470795
0.6363636363636364,0.33333333333333337,0.7777777777777777,0.6000000000000001,0.07142857142857142,0.25925925925925924,0.4402730375426621,1.0,0.4091814029745872,0.4469530790219892,0.22696464553947607,0.37706292045627837,0.621869201085582,0.728469163216533,1.0,0.125,0.29473684210526313,0.27014439841793625,0.6857002056907782,0.6901408450704226,0.0,0.0,0.0,0.824,0.2581409117821196,1,0.25734993587385707,0.21224671625470795
0.36363636363636365,0.0,0.8333333333333333,0.0,0.2857142857142857,0.3148148148148148,0.3003412969283276,0.375,0.2464281531795292,0.7133290531985091,0.17713867008609635,0.2317259908478913,0.9285148853085841,0.41378505475033117,0.6379310766886747,0.5625,0.7894736842105263,0.5229235413887523,0.5075741343846418,0.16619718309859155,0.0,0.0,0.0,0.552,0.24511545293072823,0,0.24122786046622846,0.21224671625470795
0.1818181818181818,0.16666666666666666,0.7222222222222222,0.20000000000000004,0.21428571428571427,0.037037037037037035,0.10921501706484643,0.6875,0.013204122262560014,0.11435985233534857,0.009204982597545338,0.013002233896793735,0.05562658583545617,0.0,0.3794301593737799,0.09375,0.06315789473684211,0.3539282454539072,0.7776611244429208,0.3887323943661972,0.0,0.0,0.0,0.6719999999999999,0.1193013617525163,0,0.19668092204464532,0.21224671625470795
0.36363636363636365,0.33333333333333337,0.1111111111111111,0.1,0.07142857142857142,0.28703703703703703,0.0,0.1875,0.39436702189951983,0.19776897972286128,0.04346034072174391,0.26489499288156393,0.056624091103983545,1.0,0.44954747284006497,0.5625,0.3894736842105263,0.5228065248426128,0.9156453548165923,0.6281690140845071,0.0008598452278589854,0.0,0.0,0.52,0.23830669034931914,0,0.10933379535525205,0.1255118678665223
0.36363636363636365,0.8333333333333334,0.6666666666666666,0.5000000000000001,0.07142857142857142,0.027777777777777776,0.6348122866894198,0.5,0.13760393488698913,0.05057692650651829,0.005632899798497893,0.13328971860350602,0.10715826419984809,0.332155861369312,0.0,0.09375,0.39999999999999997,0.4752510004914694,0.7390083990401096,0.5492957746478874,0.01633705932932072,0.0,0.0,0.616,0.20515097690941386,1,0.29412215428679434,0.3301204749341901
0.36363636363636365,0.0,0.05555555555555555,0.20000000000000004,0.0,0.3796296296296296,0.33447098976109213,1.0,0.8110434477105047,0.4315624275498012,0.3142516944495329,0.7061241832423981,0.621869201085582,0.728469163216533,1.0,0.5625,0.11578947368421053,0.5508670926068946,0.7653411038738429,0.6084507042253522,0.0,0.0,0.0,0.536,0.3111308466548253,1,0.11114851206635394,0.07913848534910893
0.1818181818181818,0.6666666666666666,0.8333333333333333,0.4,0.4285714285714286,0.09259259259259259,0.3378839590443686,0.875,0.21270055041573954,0.9678187362901932,0.2530683275325151,0.23817414150962068,1.0,0.17732779474678284,0.4136087725182285,0.46875,0.23157894736842105,0.4852910201502493,0.885702348303051,0.8732394366197184,0.06362854686156491,0.13372093023255813,0.07936507936507936,0.36800000000000005,0.2912966252220249,0,0.5373565294550345,0.4277788680726438
0.9999999999999999,0.8333333333333334,0.0,0.20000000000000004,0.0,0.046296296296296294,0.11945392491467577,0.6875,0.02749150954444314,0.11559039109731956,0.006457226598278073,0.03481782507621907,0.05562658583545617,0.0,0.3794301593737799,0.4375,0.021052631578947368,0.388541739802008,0.5650068563592734,0.6084507042253522,0.0,0.0,0.0,0.49600000000000005,0.10597986974541149,0,0.0604899023707457,0.07913848534910893
0.2727272727272727,0.16666666666666666,0.2777777777777778,1.0,0.0,0.7222222222222221,0.689419795221843,0.375,0.9245227778428388,0.6796586592477664,0.9375343469499908,1.0,0.9285148853085841,0.41378505475033117,0.6379310766886747,0.59375,0.042105263157894736,0.3557537035736852,0.8026118443606444,0.6084507042253522,0.0,0.0,0.0,0.76,0.14564831261101244,0,0.16597504177540495,0.14760316732784373
0.1818181818181818,0.9999999999999999,0.7777777777777777,0.4,0.0,0.48148148148148145,0.27303754266211605,1.0,0.4244349455439747,0.4228862375831506,0.24716065213409047,0.37706292045627837,0.621869201085582,0.728469163216533,1.0,0.65625,0.29473684210526313,0.27014439841793625,0.6857002056907782,0.6084507042253522,0.0,0.0,0.0,0.744,0.17229129662522202,1,0.23679165726480356,0.36937394699542697
0.36363636363636365,0.5,0.7777777777777777,0.4,0.2857142857142857,0.20370370370370372,0.3378839590443686,0.875,0.317484482960534,0.9641627877944822,0.15588935702509615,0.40803248288490485,1.0,0.17732779474678284,0.4136087725182285,0.34375,0.6,0.23384586580542477,0.8358437607130613,0.7014084507042254,0.0,0.0,0.0,0.768,0.21847246891651864,1,0.2915386638904298,0.21224671625470795
0.1818181818181818,0.8333333333333334,0.6666666666666666,0.1,0.3571428571428571,0.32407407407407407,0.020477815699658702,0.8125,0.5084026232579928,0.5638007597239313,0.1325334310313244,0.6309663029648315,0.2323281720291838,0.09813984418242278,0.41409858354947704,0.46875,0.4421052631578947,0.3627980996512906,0.4385713061364416,0.7549295774647887,0.0,0.0,0.0,0.6,0.2516281823564239,0,0.20749759657855227,0.21224671625470795
0.6363636363636364,0.16666666666666666,0.9444444444444444,0.1,0.5,0.23148148148148145,0.0887372013651877,0.8125,0.41005972596322754,0.6108554919479964,0.2028759846125664,0.35178461463243144,0.2323281720291838,0.09813984418242278,0.41409858354947704,0.03125,0.5157894736842105,0.6189239158417001,0.7084333219060678,0.9154929577464789,0.0,0.0,0.0,0.84,0.13232682060390763,0,0.28730330004028476,0.21224671625470795
0.6363636363636364,0.8333333333333334,0.8333333333333333,0.1,0.21428571428571427,0.14814814814814814,0.447098976109215,0.875,0.541896006558145,0.9755586467640397,0.15918666422421687,0.6309663029648315,1.0,0.17732779474678284,0.4136087725182285,0.125,0.4421052631578947,0.3627980996512906,0.4385713061364416,0.15492957746478875,0.0,0.0,0.0,0.688,0.23179396092362345,0,0.26667891226530005,0.21224671625470795
0.9090909090909091,0.9999999999999999,0.611111111111111,0.1,0.21428571428571427,0.09259259259259259,0.10921501706484643,0.4375,0.1271226138892142,0.13554651971537104,0.03205715332478476,0.11701451741892377,0.05725000106513142,0.0,0.389352166528466,0.375,0.7263157894736842,0.4080366963888693,0.86308707576277,0.47042253521126765,0.026655202063628546,0.0,0.0,0.568,0.22528123149792778,1,0.2176503944645914,0.3301204749341901
0.36363636363636365,0.33333333333333337,0.3333333333333333,0.1,0.07142857142857142,0.4722222222222222,0.020477815699658702,0.8125,0.576589764609439,0.5822410072583953,0.18387067228430115,0.6222891447050592,0.2323281720291838,0.09813984418242278,0.41409858354947704,0.4375,0.9052631578947368,0.4992861990685483,0.5834976002742545,0.17464788732394368,0.02235597592433362,0.0,0.0,0.48800000000000004,0.42391947898164595,0,0.18330748266416608,0.2168508202460431
0.9999999999999999,0.9999999999999999,0.6666666666666666,0.5000000000000001,0.07142857142857142,0.5833333333333333,0.33447098976109213,1.0,0.5868661435765312,0.4063452998769462,0.2652042498626122,0.6222891447050592,0.621869201085582,0.728469163216533,1.0,0.65625,0.9052631578947368,0.4992861990685483,0.5834976002742545,0.9154929577464789,0.0,0.0,0.0,0.616,0.33777383066903494,0,0.22212166271484374,0.21224671625470795
0.8181818181818182,0.5,0.5,0.0,0.3571428571428571,0.49999999999999994,0.020477815699658702,0.8125,0.9510481320997776,0.5889019670786296,0.10308664590584356,1.0,0.2323281720291838,0.09813984418242278,0.41409858354947704,0.46875,0.042105263157894736,0.3557537035736852,0.8026118443606444,0.29859154929577464,0.0,0.0,0.0,0.864,0.17880402605091772,1,0.1910966571030461,0.21224671625470795
0.0,0.33333333333333337,0.3333333333333333,0.6000000000000001,0.07142857142857142,0.12962962962962965,0.3378839590443686,0.875,0.11687551235507672,0.9075758386389172,0.1374793918300055,0.13328971860350602,1.0,0.17732779474678284,0.4136087725182285,0.625,0.39999999999999997,0.4752510004914694,0.7390083990401096,0.6873239436619719,0.0,0.0,0.0,0.4,0.41711071640023684,1,0.19351979441445732,0.14760316732784373
0.9090909090909091,0.0,0.8888888888888888,0.20000000000000004,0.21428571428571427,0.3425925925925926,0.48805460750853247,0.125,0.37814732404262796,0.6384266937741873,0.20718080234475178,0.4089989139000998,0.8730825019821128,0.2818775319682194,0.7669683459233042,0.25,0.6526315789473685,0.3509560251819607,0.5071241858073363,0.4169014084507042,0.0,0.0,0.0,0.768,0.13913558318531677,0,0.23864416596808424,0.21224671625470795
0.2727272727272727,0.0,0.8888888888888888,0.9,0.21428571428571427,0.037037037037037035,0.4675767918088737,0.0,0.1054280360697974,0.13869420220070267,0.06686206264883679,0.16991724454243531,0.1867189342798414,0.09279779051350562,0.7548621460569017,0.125,0.6947368421052631,0.6353764422289312,0.39371571820363394,0.5098591549295775,0.0,0.0,0.0,0.632,0.1521610420367081,0,0.2679423501448683,0.21224671625470795
0.7272727272727273,0.9999999999999999,0.6666666666666666,0.5000000000000001,0.14285714285714285,0.37037037037037035,0.39590443686006827,0.125,0.7152476870827966,0.6326663456565549,0.5908133357757831,0.660481213265552,0.8730825019821128,0.2818775319682194,0.7669683459233042,0.625,0.14736842105263157,0.3382714315804254,0.667595131984916,0.8338028169014085,0.0,0.0,0.0,0.872,0.3179396092362345,0,0.24383029079084875,0.21224671625470795
0.5454545454545454,0.9999999999999999,0.2777777777777778,0.20000000000000004,0.07142857142857142,0.6296296296296295,0.48464163822525597,0.5,0.8278486942264902,0.05943145542417919,0.012960249129877267,0.7061241832423981,0.10715826419984809,0.332155861369312,0.0,0.0,0.11578947368421053,0.5508670926068946,0.7653411038738429,0.04788732394366198,0.06534823731728288,0.0,0.0,0.712,0.36412078152753113,1,0.2561874305029232,0.2168508202460431
0.6363636363636364,0.6666666666666666,0.2777777777777778,0.20000000000000004,0.14285714285714285,0.027777777777777776,0.2901023890784983,0.1875,0.009310223679587774,0.20786296435004367,0.0072357574647371305,0.0083595933586097,0.056624091103983545,1.0,0.44954747284006497,0.34375,0.2631578947368421,0.38519506658241476,0.8263198491600959,0.15774647887323945,0.0,0.0,0.0,0.848,0.13232682060390763,0,0.11871460101535278,0.14760316732784373
0.8181818181818182,0.6666666666666666,0.8333333333333333,0.1,0.21428571428571427,0.027777777777777776,0.3583617747440273,0.375,0.04965452629113479,0.7198651757530362,0.021844660194174758,0.05100897865866081,0.9285148853085841,0.41378505475033117,0.6379310766886747,0.96875,0.3157894736842105,0.2818928596503545,0.8319549194377784,0.04507042253521127,0.0,0.0,0.0,0.768,0.2516281823564239,0,0.2809066702413239,0.21224671625470795
0.09090909090909091,0.0,0.5,0.6000000000000001,0.14285714285714285,0.28703703703703703,0.2901023890784983,0.0625,0.43517976343834175,0.014249282185722183,0.004304817732185382,0.6309663029648315,0.06071806900579857,0.03803756739671877,0.4534975340494421,0.34375,0.4421052631578947,0.3627980996512906,0.4385713061364416,0.9211267605633803,0.0,0.0,0.0,0.6,0.15896980461811724,0,0.16536641919384615,0.21224671625470795
0.36363636363636365,0.0,0.8888888888888888,0.6000000000000001,0.21428571428571427,0.8425925925925926,0.6484641638225256,0.375,0.9701955732521373,0.7133290531985091,0.9737589302069977,1.0,0.9285148853085841,0.41378505475033117,0.6379310766886747,0.53125,0.042105263157894736,0.3557537035736852,0.8026118443606444,0.7915492957746479,0.0,0.0,0.0,0.6719999999999999,0.3111308466548253,0,0.35093252654939816,0.21224671625470795
0.2727272727272727,0.8333333333333334,0.9444444444444444,0.8,0.14285714285714285,0.09259259259259259,0.5290102389078498,0.375,0.2874165593160792,0.6796586592477664,0.10400256457226599,0.4400904734021934,0.9285148853085841,0.41378505475033117,0.6379310766886747,0.71875,0.8631578947368421,0.6788597907744156,0.39681179293795,0.3830985915492958,0.02235597592433362,0.0,0.0,0.536,0.3111308466548253,1,0.37535928028605714,0.3301204749341901
0.7272727272727273,0.16666666666666666,0.3333333333333333,0.9,0.07142857142857142,0.16666666666666669,0.39249146757679176,0.625,0.26560487176484365,0.16100440497208995,0.15895768455761128,0.3749435705330504,0.21043704860214088,0.45934387006324034,0.5396937616619154,0.125,0.3368421052631579,0.5195300615507032,0.9167059478916695,0.5183098591549296,0.0,0.0,0.0,0.736,0.2516281823564239,0,0.1598794700062479,0.14760316732784373
0.5454545454545454,0.0,0.05555555555555555,0.4,0.0,0.3888888888888889,0.3378839590443686,0.875,0.33677831127766716,1.0,0.04231544238871588,0.3263477591768457,1.0,0.17732779474678284,0.4136087725182285,0.40625,0.42105263157894735,0.5599007699688735,0.9463918409324648,0.6084507042253522,0.07308684436801376,0.0,0.0,0.752,0.33777383066903494,0,0.18469705358559796,0.07913848534910893
0.1818181818181818,0.8333333333333334,0.2222222222222222,0.30000000000000004,0.0,0.3611111111111111,0.10921501706484643,0.1875,0.6678768005621267,0.18528525315214095,0.19907492214691333,0.660481213265552,0.056624091103983545,1.0,0.44954747284006497,0.09375,0.14736842105263157,0.3382714315804254,0.667595131984916,0.6084507042253522,0.0017196904557179708,0.0,0.0,0.40800000000000003,0.27146240378922437,0,0.11727756753272524,0.14760316732784373
0.36363636363636365,0.0,0.3333333333333333,0.30000000000000004,0.07142857142857142,0.21296296296296297,0.4709897610921502,0.9375,0.2290373580044502,0.10907210243789345,0.040575196922513275,0.23817414150962068,0.171586476471634,0.026330430789386714,0.5297091086615016,0.03125,0.23157894736842105,0.4852910201502493,0.885702348303051,0.28169014084507044,0.0,0.0,0.0,0.8079999999999999,0.3111308466548253,1,0.16835989697998935,0.14760316732784373
0.4545454545454545,0.5,0.16666666666666666,0.6000000000000001,0.07142857142857142,0.7499999999999999,0.34812286689419797,0.0,0.8140297458718819,0.15589499402564513,0.014242535262868656,0.7061241832423981,0.1867189342798414,0.09279779051350562,0.7548621460569017,0.25,0.11578947368421053,0.5508670926068946,0.7653411038738429,0.8338028169014085,0.004299226139294927,0.0,0.0,0.624,0.41711071640023684,0,0.15601314856488974,0.1255118678665223
0.2727272727272727,0.6666666666666666,0.5,0.20000000000000004,0.07142857142857142,0.5925925925925926,0.10921501706484643,0.8125,0.7331654760510599,0.5483922743566423,0.2213775416742993,0.7061241832423981,0.2323281720291838,0.09813984418242278,0.41409858354947704,0.15625,0.11578947368421053,0.5508670926068946,0.7653411038738429,0.09295774647887324,0.0,0.0,0.0,0.536,0.10597986974541149,0,0.167273562731545,0.21224671625470795
0.5454545454545454,0.8333333333333334,0.1111111111111111,0.5000000000000001,0.0,0.21296296296296297,0.3754266211604096,1.0,0.2874165593160792,0.4439926524352184,0.2135464370763876,0.38138590072371736,0.621869201085582,0.728469163216533,1.0,0.65625,0.5473684210526316,0.5208640501766949,0.9124742886527254,0.6084507042253522,0.002579535683576956,0.0,0.0,0.816,0.24511545293072823,0,0.1106635308542921,0.07913848534910893
0.0,0.5,0.7222222222222222,0.30000000000000004,0.21428571428571427,0.046296296296296294,0.4641638225255973,0.5,0.038294882304719516,0.03490093271271378,0.005770287598461256,0.04962324090813317,0.10715826419984809,0.332155861369312,0.0,0.125,0.6105263157894737,0.1928900746565564,0.8490315392526568,0.6873239436619719,0.0008598452278589854,0.0,0.0,0.728,0.3111308466548253,0,0.31295714744693015,0.21224671625470795
0.09090909090909091,0.5,0.8333333333333333,0.0,0.4285714285714286,0.20370370370370372,0.28668941979522183,0.125,0.2062009602998009,0.576186399871596,0.16669719728888074,0.28571737887890747,0.8730825019821128,0.2818775319682194,0.7669683459233042,0.46875,0.6421052631578947,0.5014861101359732,0.9009363215632499,0.7183098591549296,0.0,0.0,0.0,0.4,0.2516281823564239,0,0.24382861107169582,0.21224671625470795
0.0,0.5,0.5555555555555556,0.8,0.14285714285714285,0.1388888888888889,0.447098976109215,0.875,0.1863508607565289,0.9075758386389172,0.23204799413812052,0.23817414150962068,1.0,0.17732779474678284,0.4136087725182285,0.0625,0.23157894736842105,0.4852910201502493,0.885702348303051,0.15492957746478875,0.0,0.0,0.0,0.248,0.17880402605091772,1,0.21242455783943803,0.21224671625470795
0.8181818181818182,0.8333333333333334,0.6666666666666666,0.30000000000000004,0.0,0.39814814814814814,0.33447098976109213,1.0,0.14231760159269236,0.43997110908993636,0.11632167063564755,0.16526645534476397,0.621869201085582,0.728469163216533,1.0,0.59375,0.9789473684210526,0.4798146457909148,0.8772711690092561,0.6084507042253522,0.0,0.0,0.0,0.608,0.24511545293072823,0,0.2056622686057416,0.36937394699542697
0.0,0.8333333333333334,0.2777777777777778,0.20000000000000004,0.14285714285714285,0.5462962962962963,0.19112627986348124,0.625,0.6528867548893313,0.15944393915074992,0.009021798864260853,0.7061241832423981,0.21043704860214088,0.45934387006324034,0.5396937616619154,0.4375,0.11578947368421053,0.5508670926068946,0.7653411038738429,0.4169014084507042,0.010318142734307824,0.12790697674418605,0.0,0.336,0.33777383066903494,0,0.20800326502162172,0.14760316732784373
0.9090909090909091,0.33333333333333337,0.8888888888888888,0.7000000000000001,0.2857142857142857,0.25925925925925924,0.48805460750853247,0.125,0.17554748799625247,0.6384266937741873,0.18002381388532696,0.3126654614411254,0.8730825019821128,0.2818775319682194,0.7669683459233042,0.1875,0.5052631578947369,0.17206112944370333,0.846974631470689,0.22535211267605634,0.002579535683576956,0.0,0.0,0.7919999999999999,0.2581409117821196,0,0.28903024744847106,0.21224671625470795
0.09090909090909091,0.16666666666666666,0.3333333333333333,0.6000000000000001,0.0,0.3148148148148148,0.3003412969283276,0.375,0.2814732404262794,0.5500954113387906,0.2028759846125664,0.35178461463243144,0.9285148853085841,0.41378505475033117,0.6379310766886747,0.53125,0.5157894736842105,0.6189239158417001,0.7084333219060678,0.6084507042253522,0.004299226139294927,0.0,0.0,0.536,0.33777383066903494,0,0.14991936988250085,0.14760316732784373
0.8181818181818182,0.0,0.38888888888888884,0.20000000000000004,0.14285714285714285,0.12037037037037036,0.3378839590443686,0.875,0.566489050240075,0.9761293314072726,0.013464004396409598,0.4507836100191261,1.0,0.17732779474678284,0.4136087725182285,0.53125,0.18947368421052632,0.3926841255353507,0.8400111415838188,0.15492957746478875,0.0,0.0,0.0,0.6799999999999999,0.22528123149792778,0,0.20326190087617485,0.14760316732784373
0.9090909090909091,0.9999999999999999,0.05555555555555555,0.5000000000000001,0.0,0.18518518518518517,0.4675767918088737,0.0,0.3017625014638716,0.13598345014534624,0.25087012273310133,0.4400904734021934,0.1867189342798414,0.09279779051350562,0.7548621460569017,0.0625,0.8631578947368421,0.6788597907744156,0.39681179293795,0.6084507042253522,0.0,0.0,0.0,0.536,0.14564831261101244,0,0.06765495210079565,0.07913848534910893
0.5454545454545454,0.16666666666666666,0.38888888888888884,0.8,0.07142857142857142,0.24074074074074076,0.5631399317406143,0.125,0.3790256470312683,0.6568669413086513,0.053077486719179334,0.42672806875606056,0.8730825019821128,0.2818775319682194,0.7669683459233042,0.65625,0.4631578947368421,0.4128343747805939,0.4734530339389784,0.571830985915493,0.0,0.0,0.0,0.912,0.20515097690941386,0,0.17795635513918737,0.14760316732784373
0.6363636363636364,0.0,0.2777777777777778,0.0,0.07142857142857142,0.20370370370370372,0.3378839590443686,0.875,0.3841199203653824,0.9755586467640397,0.28004213225865543,0.42672806875606056,1.0,0.17732779474678284,0.4136087725182285,0.375,0.4631578947368421,0.4128343747805939,0.4734530339389784,0.8056338028169014,0.0,0.0,0.0,0.984,0.20515097690941386,0,0.12159526535379324,0.14760316732784373
0.2727272727272727,0.6666666666666666,0.2777777777777778,0.4,0.07142857142857142,0.648148148148148,0.39590443686006827,0.125,0.7331654760510599,0.6112478376402191,0.22705623740611833,0.7061241832423981,0.8730825019821128,0.2818775319682194,0.7669683459233042,0.59375,0.11578947368421053,0.5508670926068946,0.7653411038738429,0.8873239436619719,0.006018916595012898,0.0,0.0,0.48800000000000004,0.4899348727057431,0,0.1756580814280653,0.14760316732784373
0.1818181818181818,0.9999999999999999,0.5,0.5000000000000001,0.14285714285714285,0.027777777777777776,0.10921501706484643,0.6875,0.030302143108092275,0.11435985233534857,0.005861879465103499,0.028276081239806898,0.05562658583545617,0.0,0.3794301593737799,0.375,0.4842105263157895,0.3887289662758313,0.7431329276654096,0.6901408450704226,0.07480653482373173,0.0,0.0,0.40800000000000003,0.42391947898164595,0,0.28782637421235974,0.4277788680726438
0.6363636363636364,0.5,0.611111111111111,0.30000000000000004,0.21428571428571427,0.07407407407407407,0.447098976109215,0.875,0.18160791661787096,0.9755586467640397,0.313152592049826,0.1744465023043245,1.0,0.17732779474678284,0.4136087725182285,0.0625,0.10526315789473684,0.546350253925905,0.766990915323963,0.28169014084507044,0.0,0.0,0.0,0.752,0.3774422735346359,0,0.2269070266004948,0.21224671625470795
0.8181818181818182,0.6666666666666666,0.7777777777777777,0.0,0.3571428571428571,0.046296296296296294,0.3378839590443686,0.875,0.06719170863098724,0.9761293314072726,0.05477193625206082,0.08363993634732847,1.0,0.17732779474678284,0.4136087725182285,0.5625,0.5894736842105263,0.35657281939666263,0.4443670723345903,0.8760563380281691,0.0,0.0,0.0,0.704,0.11249259917110715,0,0.21678474594209396,0.21224671625470795
0.0,0.5,0.16666666666666666,0.4,0.0,0.21296296296296297,0.4641638225255973,0.375,0.2818831244876449,0.6056925793162485,0.06100018318373328,0.3263477591768457,0.9285148853085841,0.41378505475033117,0.6379310766886747,0.1875,0.42105263157894735,0.5599007699688735,0.9463918409324648,0.6084507042253522,0.0,0.0,0.0,0.34400000000000003,0.2847838957963292,0,0.12423552680716593,0.07913848534910893
0.1818181818181818,0.6666666666666666,1.0,0.8,0.21428571428571427,0.09259259259259259,0.4641638225255973,0.375,0.29002225084904554,0.7005153995684198,0.10757464737131343,0.4400904734021934,0.9285148853085841,0.41378505475033117,0.6379310766886747,0.0,0.8631578947368421,0.6788597907744156,0.39681179293795,0.04507042253521127,0.0,0.0,0.0,0.5599999999999999,0.1654825340438129,0,0.29676371292676496,0.21224671625470795
0.4545454545454545,0.5,0.9444444444444444,0.1,0.5,0.42592592592592593,0.3378839590443686,0.875,0.6083265019323106,0.9567617213275551,0.2726231910606338,0.6222891447050592,1.0,0.17732779474678284,0.4136087725182285,0.5625,0.9052631578947368,0.4992861990685483,0.5834976002742545,0.47887323943661975,0.0,0.0,0.0,0.832,0.3179396092362345,1,0.3686512701416016,0.21224671625470795
0.1818181818181818,0.16666666666666666,0.9444444444444444,0.20000000000000004,0.21428571428571427,0.6018518518518517,0.10921501706484643,0.4375,0.9573427801850334,0.14810158186649547,0.1436160468950357,1.0,0.05725000106513142,0.0,0.389352166528466,0.3125,0.042105263157894736,0.3557537035736852,0.8026118443606444,0.8647887323943663,0.0,0.0,0.0,0.6719999999999999,0.17880402605091772,0,0.32544035669823135,0.21224671625470795
0.5454545454545454,0.0,0.16666666666666666,0.4,0.07142857142857142,0.027777777777777776,0.10921501706484643,0.4375,0.029833704180817426,0.14242148627681772,0.011861146730170361,0.022215108313146,0.05725000106513142,0.0,0.389352166528466,0.15625,0.5578947368421052,0.4319314751105806,0.8907374871443264,0.5098591549295775,0.0,0.0,0.0,0.752,0.24511545293072823,0,0.11438992517007572,0.1255118678665223
0.8181818181818182,0.8333333333333334,0.38888888888888884,0.4,0.07142857142857142,0.7499999999999999,0.4675767918088737,0.125,0.7241187492680642,0.6650170313698215,0.5974995420406668,0.660481213265552,0.8730825019821128,0.2818775319682194,0.7669683459233042,0.0625,0.14736842105263157,0.3382714315804254,0.667595131984916,0.5183098591549296,0.0,0.0,0.0,0.832,0.24511545293072823,1,0.13740699810114262,0.14760316732784373
0.4545454545454545,0.5,0.16666666666666666,0.1,0.14285714285714285,0.4722222222222222,0.3378839590443686,0.875,0.5106862630284577,0.9567617213275551,0.15043964095988274,0.6309663029648315,1.0,0.17732779474678284,0.4136087725182285,0.5,0.4421052631578947,0.3627980996512906,0.4385713061364416,0.1943661971830986,0.0,0.0,0.0,0.656,0.22528123149792778,1,0.10691599740412218,0.1255118678665223
0.9090909090909091,0.16666666666666666,0.611111111111111,0.7000000000000001,0.21428571428571427,0.7499999999999999,0.5017064846416383,0.375,0.8798161377210446,0.663483316391133,0.8932496794284668,1.0,0.9285148853085841,0.41378505475033117,0.6379310766886747,0.03125,0.042105263157894736,0.3557537035736852,0.8026118443606444,0.04788732394366198,0.0,0.0,0.0,0.584,0.19863824748371817,0,0.18205753021335103,0.21224671625470795
0.6363636363636364,0.6666666666666666,0.7777777777777777,0.0,0.3571428571428571,0.08333333333333333,0.10921501706484643,0.8125,0.09371706288792599,0.6108554919479964,0.006686206264883678,0.07340568566895256,0.2323281720291838,0.09813984418242278,0.41409858354947704,0.0,0.6736842105263158,0.5162067916403379,0.8475102845389098,0.21408450704225354,0.0644883920894239,0.0,0.0,0.76,0.10597986974541149,1,0.2948311369944022,0.4277788680726438
0.5454545454545454,0.9999999999999999,0.9444444444444444,0.30000000000000004,0.3571428571428571,0.018518518518518517,0.447098976109215,0.875,0.14834875278135612,1.0,0.1070708921047811,0.18718448681488692,1.0,0.17732779474678284,0.4136087725182285,0.09375,0.9263157894736842,0.22310374686980727,0.8228809564621186,0.04507042253521127,0.002579535683576956,0.0,0.0,0.8079999999999999,0.1654825340438129,1,0.3455062281048987,0.21224671625470795
0.0,0.33333333333333337,0.611111111111111,0.30000000000000004,0.21428571428571427,0.39814814814814814,0.2901023890784983,0.25,0.392346879025647,0.05928878426337097,0.15323319289247114,0.37706292045627837,0.0,0.0,0.8684696622603216,0.34375,0.29473684210526313,0.27014439841793625,0.6857002056907782,0.24507042253521127,0.004299226139294927,0.0,0.0,0.736,0.39076376554174064,0,0.23867080230313287,0.21224671625470795
0.5454545454545454,0.0,0.611111111111111,0.7000000000000001,0.07142857142857142,0.21296296296296297,0.39590443686006827,0.125,0.5435940976695164,0.6568669413086513,0.16839164682176222,0.6309663029648315,0.8730825019821128,0.2818775319682194,0.7669683459233042,0.15625,0.4421052631578947,0.3627980996512906,0.4385713061364416,0.571830985915493,0.0,0.0,0.0,0.6799999999999999,0.21847246891651864,1,0.1929192448592829,0.21224671625470795
0.6363636363636364,0.8333333333333334,0.6666666666666666,0.20000000000000004,0.2857142857142857,0.12962962962962965,0.07508532423208189,0.8125,0.3828609907483312,0.6108554919479964,0.051428833119618975,0.4089989139000998,0.2323281720291838,0.09813984418242278,0.41409858354947704,0.4375,0.6526315789473685,0.3509560251819607,0.5071241858073363,0.8028169014084507,0.0,0.0,0.0,0.9359999999999999,0.17229129662522202,0,0.22214602870109865,0.21224671625470795
0.36363636363636365,0.16666666666666666,0.6666666666666666,0.4,0.14285714285714285,0.25925925925925924,0.4675767918088737,0.125,0.31142405433891557,0.6537192588233196,0.10047627770653966,0.20602837828871168,0.8730825019821128,0.2818775319682194,0.7669683459233042,0.09375,0.7684210526315789,0.4777083479604015,0.8817813678436749,0.1915492957746479,0.030954428202923472,0.0,0.0,0.7999999999999999,0.19863824748371817,0,0.27928046736311923,0.3301204749341901
0.2727272727272727,0.0,0.5555555555555556,0.30000000000000004,0.21428571428571427,0.16666666666666669,0.28668941979522183,0.875,0.2172385525237147,0.9377953738876108,0.26117420773035355,0.23817414150962068,1.0,0.17732779474678284,0.4136087725182285,0.34375,0.23157894736842105,0.4852910201502493,0.885702348303051,0.16901408450704225,0.034393809114359415,0.0,0.0,0.648,0.5097690941385435,0,0.28577077988623406,0.3301204749341901
0.1818181818181818,0.9999999999999999,0.38888888888888884,0.1,0.14285714285714285,0.08333333333333333,0.3378839590443686,0.875,0.10276378967092166,0.9678187362901932,0.09727056237406119,0.0948781018745409,1.0,0.17732779474678284,0.4136087725182285,0.4375,0.35789473684210527,0.4881462238760561,0.6924065821049024,0.28169014084507044,0.002579535683576956,0.0,0.0,0.536,0.2912966252220249,0,0.16508659675475004,0.14760316732784373
0.9090909090909091,0.6666666666666666,0.7222222222222222,0.30000000000000004,0.07142857142857142,0.2777777777777778,0.3583617747440273,0.0,0.3523831830425108,0.13598345014534624,0.028805642058985163,0.42672806875606056,0.1867189342798414,0.09279779051350562,0.7548621460569017,0.125,0.4631578947368421,0.4128343747805939,0.4734530339389784,0.5183098591549296,0.0,0.0,0.0,0.544,0.08614564831261101,0,0.16767306265214543,0.21224671625470795
0.1818181818181818,0.9999999999999999,0.2777777777777778,0.0,0.14285714285714285,0.07407407407407407,0.020477815699658702,0.8125,0.049068977632041225,0.5638007597239313,0.02459241619344202,0.04860186464610954,0.2323281720291838,0.09813984418242278,0.41409858354947704,0.5625,0.24210526315789474,0.5736151091764377,0.7654375214261226,0.15774647887323945,0.0,0.0,0.20238095238095236,0.272,0.36412078152753113,0,0.18529926850840744,0.14760316732784373
0.7272727272727273,0.0,0.2222222222222222,0.0,0.07142857142857142,0.3333333333333333,0.0,0.1875,0.7152476870827966,0.1862839512777986,0.23328448433779078,0.660481213265552,0.056624091103983545,1.0,0.44954747284006497,0.53125,0.14736842105263157,0.3382714315804254,0.667595131984916,0.895774647887324,0.0,0.0,0.0,0.848,0.2516281823564239,0,0.11518391350654514,0.14760316732784373
0.4545454545454545,0.33333333333333337,0.05555555555555555,0.20000000000000004,0.0,0.12962962962962965,0.48805460750853247,0.125,0.09169692001405318,0.6316498136357962,0.015753801062465655,0.10582990022548505,0.8730825019821128,0.2818775319682194,0.7669683459233042,0.15625,0.7789473684210526,0.47405743172084525,0.40448234487487134,0.6084507042253522,0.0,0.0,0.0,0.728,0.39727649496743633,0,0.0912474635942557,0.07913848534910893
0.7272727272727273,0.6666666666666666,0.3333333333333333,0.4,0.14285714285714285,0.07407407407407407,0.39590443686006827,0.125,0.06405902330483663,0.6326663456565549,0.02317274226048727,0.08363993634732847,0.8730825019821128,0.2818775319682194,0.7669683459233042,0.125,0.5894736842105263,0.35657281939666263,0.4443670723345903,0.1915492957746479,0.0,0.0,0.0,0.704,0.15896980461811724,0,0.10721594949853662,0.14760316732784373
0.0,0.33333333333333337,0.6666666666666666,0.1,0.07142857142857142,0.07407407407407407,0.3754266211604096,1.0,0.06684037943553109,0.3623490806627076,0.023722293460340722,0.08363993634732847,0.621869201085582,0.728469163216533,1.0,0.5625,0.5894736842105263,0.35657281939666263,0.4443670723345903,0.3887323943661972,0.04557179707652623,0.0,0.0,0.592,0.22528123149792778,1,0.233036806688233,0.3301204749341901
0.9090909090909091,0.8333333333333334,0.5,0.0,0.21428571428571427,0.15740740740740738,0.020477815699658702,0.8125,0.33136198618105167,0.5432204447773439,0.1498900897600293,0.35178461463243144,0.2323281720291838,0.09813984418242278,0.41409858354947704,0.5,0.5157894736842105,0.6189239158417001,0.7084333219060678,0.08732394366197184,0.0,0.0,0.0,0.632,0.1193013617525163,0,0.14713676145497082,0.21224671625470795
0.2727272727272727,0.33333333333333337,0.6666666666666666,0.6000000000000001,0.07142857142857142,0.2777777777777778,0.27303754266211605,1.0,0.338710621852676,0.41179355483031055,0.05358124198571167,0.3263477591768457,0.621869201085582,0.728469163216533,1.0,0.65625,0.42105263157894735,0.5599007699688735,0.9463918409324648,0.3887323943661972,0.034393809114359415,0.0,0.0,0.6,0.5364120781527532,0,0.34165846233649444,0.3301204749341901
0.9090909090909091,0.9999999999999999,0.8888888888888888,0.1,0.3571428571428571,0.7314814814814814,0.38566552901023887,0.375,0.8798161377210446,0.663483316391133,0.8932496794284668,1.0,0.9285148853085841,0.41378505475033117,0.6379310766886747,0.84375,0.042105263157894736,0.3557537035736852,0.8026118443606444,0.7408450704225352,0.0,0.0,0.0,0.608,0.13232682060390763,0,0.2385765170146713,0.21224671625470795
0.7272727272727273,0.0,0.05555555555555555,0.20000000000000004,0.0,0.42592592592592593,0.10921501706484643,0.8125,0.8046316898934301,0.5452624257664117,0.2452830188679245,0.7061241832423981,0.2323281720291838,0.09813984418242278,0.41409858354947704,0.09375,0.11578947368421053,0.5508670926068946,0.7653411038738429,0.6084507042253522,0.0017196904557179708,0.0,0.0,0.688,0.22528123149792778,0,0.1050521761846665,0.07913848534910893
0.5454545454545454,0.6666666666666666,0.8888888888888888,0.30000000000000004,0.21428571428571427,0.009259259259259259,0.6279863481228669,0.9375,0.40473123316547605,0.11454710823390937,0.013738779996336326,0.35178461463243144,0.171586476471634,0.026330430789386714,0.5297091086615016,0.0625,0.5157894736842105,0.6189239158417001,0.7084333219060678,0.1915492957746479,0.0,0.0,0.0,0.824,0.20515097690941386,0,0.34846691830121196,0.21224671625470795
0.9090909090909091,0.9999999999999999,0.7222222222222222,0.6000000000000001,0.2857142857142857,0.18518518518518517,0.38566552901023887,0.375,0.2589003396182223,0.663483316391133,0.12003114123465837,0.3749435705330504,0.9285148853085841,0.41378505475033117,0.6379310766886747,0.84375,0.3368421052631579,0.5195300615507032,0.9167059478916695,0.04507042253521127,0.0,0.0,0.0,0.504,0.33777383066903494,0,0.26690011109537737,0.21224671625470795
0.8181818181818182,0.0,0.1111111111111111,0.7000000000000001,0.0,0.07407407407407407,0.33447098976109213,1.0,0.10261740250614827,0.43997110908993636,0.014700494596079867,0.10582990022548505,0.621869201085582,0.728469163216533,1.0,0.40625,0.7789473684210526,0.47405743172084525,0.40448234487487134,0.6084507042253522,0.0,0.0,0.0,0.728,0.14564831261101244,0,0.08627668318107447,0.07913848534910893
0.9090909090909091,0.9999999999999999,0.6666666666666666,0.1,0.3571428571428571,0.28703703703703703,0.3378839590443686,0.875,0.4759925049771636,0.9144151374101618,0.1410056786957318,0.6309663029648315,1.0,0.17732779474678284,0.4136087725182285,0.4375,0.4421052631578947,0.3627980996512906,0.4385713061364416,0.6901408450704226,0.0,0.0,0.0,0.824,0.10597986974541149,0,0.18177040556930021,0.21224671625470795
0.2727272727272727,0.8333333333333334,0.16666666666666666,0.30000000000000004,0.07142857142857142,0.24074074074074076,0.19112627986348124,0.625,0.30934535659913337,0.1728461113191732,0.039888257922696464,0.20602837828871168,0.21043704860214088,0.45934387006324034,0.5396937616619154,0.25,0.7684210526315789,0.4777083479604015,0.8817813678436749,0.14084507042253522,0.0,0.0,0.0,0.632,0.13913558318531677,0,0.11777418608657672,0.1255118678665223
0.9999999999999999,0.8333333333333334,0.8333333333333333,0.20000000000000004,0.21428571428571427,0.37037037037037035,0.0887372013651877,0.8125,0.2621208572432369,0.578629643500437,0.19779263601392194,0.2317259908478913,0.2323281720291838,0.09813984418242278,0.41409858354947704,0.03125,0.7894736842105263,0.5229235413887523,0.5075741343846418,0.8140845070422535,0.0,0.0,0.0,0.328,0.21847246891651864,1,0.21810118350370855,0.21224671625470795
0.2727272727272727,0.8333333333333334,0.7777777777777777,0.1,0.5,0.027777777777777776,0.3378839590443686,0.875,0.018122730998946013,0.9377953738876108,0.043780912254991755,0.03404230551186969,1.0,0.17732779474678284,0.4136087725182285,0.4375,0.5789473684210527,0.36546607690327404,0.447216746657525,0.8056338028169014,0.0,0.0,0.0,0.616,0.23830669034931914,0,0.2462462727169043,0.21224671625470795
0.5454545454545454,0.16666666666666666,0.3333333333333333,0.6000000000000001,0.0,0.35185185185185186,0.5017064846416383,0.375,0.40473123316547605,0.7568259233499189,0.3024821395860048,0.35178461463243144,0.9285148853085841,0.41378505475033117,0.6379310766886747,0.09375,0.5157894736842105,0.6189239158417001,0.7084333219060678,0.6084507042253522,0.0,0.0,0.0,0.824,0.3309650680876258,0,0.16459794914885514,0.14760316732784373
0.7272727272727273,0.9999999999999999,0.6666666666666666,0.20000000000000004,0.14285714285714285,0.037037037037037035,0.0887372013651877,0.3125,0.024915095444431427,0.15717011752536872,0.012822861329913903,0.029500941170170783,0.05977145765366651,0.0,0.37350966867528246,0.46875,0.09473684210526316,0.3383884481265651,0.8496207576276996,0.6873239436619719,0.02837489251934652,0.0,0.0,0.7839999999999999,0.21847246891651864,0,0.22605908531895008,0.3301204749341901
0.1818181818181818,0.8333333333333334,0.2222222222222222,0.30000000000000004,0.07142857142857142,0.39814814814814814,0.5870307167235495,1.0,0.5226314556739665,0.4228862375831506,0.24706906026744824,0.6222891447050592,0.621869201085582,0.728469163216533,1.0,0.5625,0.9052631578947368,0.4992861990685483,0.5834976002742545,0.15774647887323945,0.0,0.0,0.0,0.464,0.34428656009473063,0,0.14252714566814728,0.14760316732784373
0.9999999999999999,0.9999999999999999,0.8888888888888888,0.20000000000000004,0.3571428571428571,0.2777777777777778,0.10921501706484643,0.75,0.24920950931022368,0.20274463645604837,0.07222018684740796,0.28571737887890747,0.08179791087057646,0.003596177532756211,0.5259753879653215,0.375,0.6421052631578947,0.5014861101359732,0.9009363215632499,0.4028169014084507,0.0,0.0,0.0,0.48000000000000004,0.45026642984014215,0,0.31018634952708196,0.21224671625470795
0.8181818181818182,0.6666666666666666,0.611111111111111,0.4,0.2857142857142857,0.25925925925925924,0.3378839590443686,0.875,0.39424991216770117,0.9761293314072726,0.28416376625755635,0.42672806875606056,1.0,0.17732779474678284,0.4136087725182285,0.25,0.4631578947368421,0.4128343747805939,0.4734530339389784,0.7154929577464789,0.0,0.0,0.0,0.696,0.27827116637063354,0,0.20510567139138672,0.21224671625470795
0.5454545454545454,0.16666666666666666,0.1111111111111111,0.4,0.0,0.537037037037037,0.39590443686006827,0.125,0.7477163602295351,0.6568669413086513,0.6121084447701044,0.660481213265552,0.8730825019821128,0.2818775319682194,0.7669683459233042,0.1875,0.14736842105263157,0.3382714315804254,0.667595131984916,0.6084507042253522,0.0,0.0,0.0,0.84,0.3046181172291296,0,0.10654427879320982,0.07913848534910893
0.7272727272727273,0.6666666666666666,0.05555555555555555,0.4,0.0,0.19444444444444442,0.6348122866894198,0.5,0.25143459421477926,0.056292689886398094,0.024684008060084264,0.28571737887890747,0.10715826419984809,0.332155861369312,0.0,0.125,0.6421052631578947,0.5014861101359732,0.9009363215632499,0.6084507042253522,0.0,0.0,0.0,0.712,0.14564831261101244,0,0.12232840808768773,0.07913848534910893
0.4545454545454545,0.9999999999999999,0.3333333333333333,0.0,0.21428571428571427,0.4444444444444444,0.020477815699658702,0.8125,0.8140297458718819,0.5850052609990548,0.254533797398791,0.7061241832423981,0.2323281720291838,0.09813984418242278,0.41409858354947704,0.53125,0.11578947368421053,0.5508670926068946,0.7653411038738429,0.03943661971830986,0.03267411865864144,0.0,0.0,0.728,0.3046181172291296,0,0.19909329883526955,0.2168508202460431
0.8181818181818182,0.6666666666666666,0.2777777777777778,0.1,0.07142857142857142,0.046296296296296294,0.10921501706484643,0.8125,0.1245169223562478,0.5889019670786296,0.033751602857666235,0.16991724454243531,0.2323281720291838,0.09813984418242278,0.41409858354947704,0.03125,0.6947368421052631,0.6353764422289312,0.39371571820363394,0.7915492957746479,0.0,0.0,0.0,0.6,0.4635879218472469,0,0.12180851131550363,0.14760316732784373
0.4545454545454545,0.8333333333333334,0.7777777777777777,0.30000000000000004,0.2857142857142857,0.15740740740740738,0.39590443686006827,0.0,0.3450931022367959,0.15589499402564513,0.2783018867924528,0.4400904734021934,0.1867189342798414,0.09279779051350562,0.7548621460569017,0.4375,0.8631578947368421,0.6788597907744156,0.39681179293795,0.447887323943662,0.0,0.0,0.0,0.64,0.24511545293072823,0,0.22584236862496254,0.21224671625470795
0.4545454545454545,0.6666666666666666,0.0,0.9,0.0,0.19444444444444442,0.42662116040955633,1.0,0.5106862630284577,0.4293956092950262,0.11178787323685657,0.6309663029648315,0.621869201085582,0.728469163216533,1.0,0.78125,0.4421052631578947,0.3627980996512906,0.4385713061364416,0.6084507042253522,0.0,0.0,0.0,0.6639999999999999,0.23179396092362345,0,0.09972952268092049,0.07913848534910893
0.0,0.0,0.38888888888888884,0.30000000000000004,0.07142857142857142,0.5833333333333333,0.10921501706484643,0.1875,0.6345883592926572,0.16209227257325273,0.1833669170177688,0.660481213265552,0.056624091103983545,1.0,0.44954747284006497,0.09375,0.14736842105263157,0.3382714315804254,0.667595131984916,0.09295774647887324,0.0,0.0,0.0,0.432,0.13232682060390763,0,0.12829174035508512,0.14760316732784373
0.0,0.6666666666666666,0.6666666666666666,0.4,0.3571428571428571,0.06481481481481481,0.3378839590443686,0.875,0.03592341023539056,0.9075758386389172,0.04185748305550467,0.04860186464610954,1.0,0.17732779474678284,0.4136087725182285,0.4375,0.24210526315789474,0.5736151091764377,0.7654375214261226,0.04507042253521127,0.0,0.0,0.2817460317460317,0.112,0.3244523386619302,0,0.3638080896648527,0.21224671625470795
0.9090909090909091,0.6666666666666666,0.9444444444444444,0.0,0.2857142857142857,0.24074074074074076,0.10921501706484643,0.8125,0.4759925049771636,0.5432204447773439,0.12296208096721012,0.6309663029648315,0.2323281720291838,0.09813984418242278,0.41409858354947704,0.15625,0.4421052631578947,0.3627980996512906,0.4385713061364416,0.8028169014084507,0.0,0.0,0.0,0.64,0.14564831261101244,0,0.23613074244021745,0.21224671625470795
0.7272727272727273,0.16666666666666666,0.2777777777777778,0.20000000000000004,0.07142857142857142,0.18518518518518517,0.28668941979522183,0.125,0.2849279775149315,0.6326663456565549,0.0304084997252244,0.38138590072371736,0.8730825019821128,0.2818775319682194,0.7669683459233042,0.125,0.5473684210526316,0.5208640501766949,0.9124742886527254,0.15774647887323945,0.0,0.0,0.0,0.712,0.34428656009473063,0,0.12202901171876901,0.14760316732784373
0.36363636363636365,0.5,0.9444444444444444,0.1,0.4285714285714286,0.25,0.3378839590443686,0.875,0.49516922356247806,0.9641627877944822,0.15474445869206813,0.6309663029648315,1.0,0.17732779474678284,0.4136087725182285,0.5,0.4421052631578947,0.3627980996512906,0.4385713061364416,0.1943661971830986,0.0,0.0,0.0,0.6,0.23179396092362345,0,0.30534189219547225,0.21224671625470795
0.09090909090909091,0.5,0.7777777777777777,0.1,0.3571428571428571,0.15740740740740738,0.3378839590443686,0.875,0.09430261154701956,0.7966400941629662,0.1792452830188679,0.12073892044230924,1.0,0.17732779474678284,0.4136087725182285,0.40625,1.0,0.2622340798988977,0.6863537024340076,0.24507042253521127,0.02235597592433362,0.0,0.0,0.536,0.2912966252220249,0,0.30169366670542935,0.3301204749341901
0.9090909090909091,0.0,0.3333333333333333,0.20000000000000004,0.21428571428571427,0.25925925925925924,0.0887372013651877,0.3125,0.2889097083967678,0.15883758671731493,0.10519325883861513,0.20602837828871168,0.05977145765366651,0.0,0.37350966867528246,0.5625,0.7684210526315789,0.4777083479604015,0.8817813678436749,0.4056338028169014,0.01117798796216681,0.0,0.0,0.42400000000000004,0.14564831261101244,0,0.1491082470564745,0.14760316732784373
0.9090909090909091,0.6666666666666666,0.5,0.7000000000000001,0.14285714285714285,0.21296296296296297,0.3754266211604096,1.0,0.35987820587890856,0.3953150357569597,0.20173108627953837,0.4280109005782056,0.621869201085582,0.728469163216533,1.0,0.4375,0.8210526315789474,0.4488520676823702,0.39607259170380527,0.5492957746478874,0.0,0.0,0.0,0.6639999999999999,0.0926583777383067,0,0.1424399428119143,0.21224671625470795
0.9999999999999999,0.33333333333333337,0.7777777777777777,0.30000000000000004,0.21428571428571427,0.25,0.28668941979522183,0.125,0.7091579810282235,0.6566975193051915,0.5747389631800696,0.660481213265552,0.8730825019821128,0.2818775319682194,0.7669683459233042,0.59375,0.14736842105263157,0.3382714315804254,0.667595131984916,0.47887323943661975,0.0,0.0,0.0,0.64,0.2581409117821196,1,0.2400397068421771,0.21224671625470795
0.4545454545454545,0.9999999999999999,0.1111111111111111,0.4,0.07142857142857142,0.4722222222222222,0.15699658703071673,0.3125,0.5266131865558028,0.1658284735969183,0.3770379190327899,0.4507836100191261,0.05977145765366651,0.0,0.37350966867528246,0.125,0.18947368421052632,0.3926841255353507,0.8400111415838188,0.8901408450704226,0.0,0.0,0.0,0.768,0.1193013617525163,0,0.09714894011000137,0.1255118678665223
0.09090909090909091,0.9999999999999999,0.4444444444444444,0.9,0.07142857142857142,0.037037037037037035,0.5085324232081911,0.375,0.0223679587773744,0.5500954113387906,0.004350613665506503,0.0538640361241716,0.9285148853085841,0.41378505475033117,0.6379310766886747,0.4375,0.34736842105263155,0.05759554400992295,0.03119643469317812,0.5183098591549296,0.009458297506448839,0.0,0.0,0.688,0.4635879218472469,1,0.19438646279435828,0.3301204749341901
0.1818181818181818,0.33333333333333337,0.4444444444444444,0.20000000000000004,0.07142857142857142,0.4444444444444444,0.48805460750853247,0.125,0.762296521840965,0.6484939275587182,0.23951273126946326,0.7061241832423981,0.8730825019821128,0.2818775319682194,0.7669683459233042,0.5625,0.11578947368421053,0.5508670926068946,0.7653411038738429,0.6901408450704226,0.0008598452278589854,0.0,0.0,0.552,0.35760805210183544,1,0.20841570223966693,0.21224671625470795
0.8181818181818182,0.0,0.7222222222222222,0.1,0.2857142857142857,0.05555555555555555,0.10921501706484643,0.6875,0.02716945778194168,0.12293795587894352,0.015021066129327715,0.025144667808255056,0.05562658583545617,0.0,0.3794301593737799,0.09375,0.9894736842105263,0.3967328980317817,0.6614672608844703,0.3887323943661972,0.0,0.0,0.0,0.648,0.1921255180580225,1,0.20369001965226502,0.21224671625470795
0.4545454545454545,0.33333333333333337,0.3333333333333333,0.8,0.07142857142857142,0.19444444444444442,0.4641638225255973,0.375,0.3745169223562478,0.7276318370695344,0.031873969591500274,0.4089989139000998,0.9285148853085841,0.41378505475033117,0.6379310766886747,0.0625,0.6526315789473685,0.3509560251819607,0.5071241858073363,0.4169014084507042,0.0,0.0,0.0,0.896,0.27146240378922437,1,0.163172126348324,0.14760316732784373
0.36363636363636365,0.6666666666666666,0.8333333333333333,0.20000000000000004,0.0,0.1388888888888889,0.28668941979522183,0.125,0.1831888979974236,0.6537192588233196,0.18359589668437443,0.3126654614411254,0.8730825019821128,0.2818775319682194,0.7669683459233042,0.125,0.5052631578947369,0.17206112944370333,0.846974631470689,0.6084507042253522,0.0,0.0,0.0,0.776,0.2516281823564239,0,0.2289035321178434,0.36937394699542697
0.5454545454545454,0.16666666666666666,0.9444444444444444,0.1,0.3571428571428571,0.08333333333333333,0.3378839590443686,0.875,0.23685443260334932,1.0,0.2783934786590951,0.23817414150962068,1.0,0.17732779474678284,0.4136087725182285,0.40625,0.23157894736842105,0.4852910201502493,0.885702348303051,0.7408450704225352,0.0,0.0,0.0,0.776,0.0994671403197158,0,0.2993560080729224,0.21224671625470795
0.2727272727272727,0.16666666666666666,0.1111111111111111,0.6000000000000001,0.0,0.23148148148148145,0.48464163822525597,0.5,0.21840964984190187,0.036158222317336335,0.002885143799230628,0.3074922267608962,0.10715826419984809,0.332155861369312,0.0,0.03125,0.22105263157894736,0.17866086264597814,0.8484101816935207,0.6084507042253522,0.0,0.0,0.0,0.7839999999999999,0.1921255180580225,0,0.12920784218021553,0.07913848534910893
0.9090909090909091,0.5,0.2222222222222222,0.30000000000000004,0.07142857142857142,0.37037037037037035,0.2901023890784983,0.8125,0.6975641175781707,0.5432204447773439,0.06397691884960616,0.660481213265552,0.2323281720291838,0.09813984418242278,0.41409858354947704,0.34375,0.14736842105263157,0.3382714315804254,0.667595131984916,0.5380281690140846,0.0034393809114359416,0.0,0.0,0.696,0.35109532267613974,0,0.16542503180811893,0.14760316732784373
0.4545454545454545,0.33333333333333337,0.7222222222222222,0.30000000000000004,0.07142857142857142,0.046296296296296294,0.34812286689419797,0.0,0.06590350158098138,0.15589499402564513,0.016074372595713503,0.08363993634732847,0.1867189342798414,0.09279779051350562,0.7548621460569017,0.21875,0.5894736842105263,0.35657281939666263,0.4443670723345903,0.7154929577464789,0.0,0.0,0.0,0.6799999999999999,0.1654825340438129,0,0.19148277002848701,0.21224671625470795
0.0,0.8333333333333334,0.611111111111111,0.0,0.3571428571428571,0.37037037037037035,0.020477815699658702,0.1875,0.6528867548893313,0.16209227257325273,0.21478292727605788,0.7061241832423981,0.056624091103983545,1.0,0.44954747284006497,0.4375,0.11578947368421053,0.5508670926068946,0.7653411038738429,0.08169014084507042,0.0,0.0,0.0,0.49600000000000005,0.24511545293072823,0,0.18787959257900413,0.21224671625470795
0.7272727272727273,0.9999999999999999,0.2777777777777778,0.30000000000000004,0.07142857142857142,0.8055555555555555,0.5017064846416383,0.375,0.896270055041574,0.6755122786367771,0.9087745008243268,1.0,0.9285148853085841,0.41378505475033117,0.6379310766886747,0.03125,0.042105263157894736,0.3557537035736852,0.8026118443606444,0.21408450704225354,0.0,0.0,0.0,0.824,0.10597986974541149,0,0.09964158404129461,0.14760316732784373
0.7272727272727273,0.5,0.2222222222222222,0.1,0.07142857142857142,0.6388888888888888,0.3617747440273037,0.125,0.5351914744115236,0.6326663456565549,0.38212126763143434,0.4507836100191261,0.8730825019821128,0.2818775319682194,0.7669683459233042,0.625,0.18947368421052632,0.3926841255353507,0.8400111415838188,0.47042253521126765,0.0,0.0,0.0,0.76,0.41711071640023684,0,0.13368466570073237,0.14760316732784373
0.2727272727272727,0.9999999999999999,0.611111111111111,0.20000000000000004,0.2857142857142857,0.009259259259259259,0.19112627986348124,0.625,0.05223094039114651,0.1728461113191732,0.014837882396043231,0.05100897865866081,0.21043704860214088,0.45934387006324034,0.5396937616619154,0.3125,0.3157894736842105,0.2818928596503545,0.8319549194377784,0.7802816901408451,0.0,0.0,0.0,0.7839999999999999,0.39727649496743633,0,0.2258832592034123,0.21224671625470795
0.6363636363636364,0.8333333333333334,0.8333333333333333,0.30000000000000004,0.21428571428571427,0.3611111111111111,0.3003412969283276,0.375,0.41005972596322754,0.7622206766179802,0.3010166697197289,0.35178461463243144,0.9285148853085841,0.41378505475033117,0.6379310766886747,0.5625,0.5157894736842105,0.6189239158417001,0.7084333219060678,0.4028169014084507,0.0,0.0,0.0,0.848,0.11249259917110715,0,0.24614748653316668,0.21224671625470795
0.09090909090909091,0.0,0.7222222222222222,0.20000000000000004,0.14285714285714285,0.7314814814814814,0.28668941979522183,0.125,0.6339149783346997,0.576186399871596,0.21954570434145446,0.7061241832423981,0.8730825019821128,0.2818775319682194,0.7669683459233042,0.125,0.11578947368421053,0.5508670926068946,0.7653411038738429,0.4,0.005159071367153912,0.10465116279069768,0.15476190476190474,0.328,0.22528123149792778,0,0.31030490935903526,0.21224671625470795
0.7272727272727273,0.8333333333333334,0.3333333333333333,0.4,0.14285714285714285,0.12037037037037036,0.28668941979522183,0.125,0.13215833235741892,0.6326663456565549,0.0295383769921231,0.13328971860350602,0.8730825019821128,0.2818775319682194,0.7669683459233042,0.65625,0.39999999999999997,0.4752510004914694,0.7390083990401096,0.571830985915493,0.0,0.0,0.0,0.768,0.22528123149792778,1,0.1316331388893528,0.14760316732784373
0.0,0.16666666666666666,0.5,0.20000000000000004,0.21428571428571427,0.10185185185185185,0.3378839590443686,0.875,0.11198618105164539,0.9075758386389172,0.20525737314526468,0.12073892044230924,1.0,0.17732779474678284,0.4136087725182285,0.46875,1.0,0.2622340798988977,0.6863537024340076,0.8732394366197184,0.0,0.0,0.0,0.6719999999999999,0.36412078152753113,0,0.22714878830864083,0.21224671625470795
0.8181818181818182,0.6666666666666666,0.8333333333333333,0.4,0.5,0.09259259259259259,0.3378839590443686,0.875,0.1991743763906781,0.9761293314072726,0.1594156438908225,0.22186657850593167,1.0,0.17732779474678284,0.4136087725182285,0.5625,0.8105263157894737,0.3345034987947294,0.4516519540623929,0.5690140845070423,0.0,0.0,0.0,0.688,0.12581409117821196,0,0.2680518307905476,0.21224671625470795
0.36363636363636365,0.5,0.05555555555555555,0.4,0.0,0.2222222222222222,0.0887372013651877,0.75,0.3652359761096147,0.19517414798566154,0.02024180252793552,0.35178461463243144,0.08179791087057646,0.003596177532756211,0.5259753879653215,0.46875,0.5157894736842105,0.6189239158417001,0.7084333219060678,0.6084507042253522,0.007738607050730868,0.0,0.0,0.76,0.35109532267613974,0,0.11756785975058441,0.07913848534910893
0.0,0.8333333333333334,0.4444444444444444,0.1,0.07142857142857142,0.08333333333333333,0.6928327645051194,0.125,0.22833469961353786,0.6235086405221765,0.17686389448616963,0.28571737887890747,0.8730825019821128,0.2818775319682194,0.7669683459233042,0.28125,0.6421052631578947,0.5014861101359732,0.9009363215632499,0.6535211267605634,0.052450558899398106,0.0,0.0,0.392,0.19863824748371817,0,0.2230174077658325,0.4277788680726438
0.09090909090909091,0.0,0.8888888888888888,0.5000000000000001,0.21428571428571427,0.3055555555555555,0.10921501706484643,0.75,0.17765546316898934,0.1538351791414763,0.04112474812236673,0.3126654614411254,0.08179791087057646,0.003596177532756211,0.5259753879653215,0.15625,0.5052631578947369,0.17206112944370333,0.846974631470689,0.6169014084507043,0.005159071367153912,0.0,0.0,0.712,0.3309650680876258,0,0.31173033114935195,0.21224671625470795
0.5454545454545454,0.5,0.611111111111111,0.1,0.2857142857142857,0.12037037037037036,0.32764505119453924,0.125,0.10314439629933249,0.6568669413086513,0.0210661293277157,0.11506000323618193,0.8730825019821128,0.2818775319682194,0.7669683459233042,0.625,0.4526315789473684,0.27033162489175966,0.7402189749742886,0.1915492957746479,0.03869303525365434,0.0,0.0,0.824,0.13232682060390763,0,0.21513569252573053,0.3301204749341901
0.36363636363636365,0.33333333333333337,0.4444444444444444,0.30000000000000004,0.14285714285714285,0.07407407407407407,0.3378839590443686,0.875,0.037358004450169804,0.9641627877944822,0.02459241619344202,0.07784623945185132,1.0,0.17732779474678284,0.4136087725182285,0.53125,0.8736842105263157,0.18947319150927944,0.8312371443263628,0.47887323943661975,0.01117798796216681,0.0,0.0,0.752,0.3244523386619302,0,0.22612634629252404,0.3301204749341901
0.9090909090909091,0.0,0.7222222222222222,0.20000000000000004,0.3571428571428571,0.7222222222222221,0.10921501706484643,0.1875,0.7533083499238787,0.17775934941950672,0.24267265066862062,0.7061241832423981,0.056624091103983545,1.0,0.44954747284006497,0.09375,0.11578947368421053,0.5508670926068946,0.7653411038738429,0.7126760563380282,0.0,0.0,0.0,0.48800000000000004,0.3179396092362345,0,0.21886191764378893,0.21224671625470795
0.5454545454545454,0.33333333333333337,0.05555555555555555,0.30000000000000004,0.0,0.1388888888888889,0.2901023890784983,0.375,0.03366904789788032,0.7568259233499189,0.006869389998168162,0.031091326683251132,0.9285148853085841,0.41378505475033117,0.6379310766886747,0.34375,0.21052631578947367,0.5350464555688174,0.6797758827562563,0.6084507042253522,0.030954428202923472,0.0,0.0,0.76,0.3244523386619302,0,0.10233331621084923,0.07913848534910893
0.5454545454545454,0.16666666666666666,0.38888888888888884,0.20000000000000004,0.21428571428571427,0.037037037037037035,0.3378839590443686,0.875,0.009983604637545378,1.0,0.030637479391830005,0.017461180368249563,1.0,0.17732779474678284,0.4136087725182285,0.40625,0.19999999999999998,0.3128320344496711,0.5674601474117245,0.04788732394366198,0.007738607050730868,0.0,0.0,0.7999999999999999,0.2847838957963292,0,0.1634397421213509,0.14760316732784373
0.9090909090909091,0.0,0.6666666666666666,0.30000000000000004,0.21428571428571427,0.046296296296296294,0.38566552901023887,0.0,0.061687551235507676,0.13598345014534624,0.016165964462355745,0.08363993634732847,0.1867189342798414,0.09279779051350562,0.7548621460569017,0.3125,0.5894736842105263,0.35657281939666263,0.4443670723345903,0.8338028169014085,0.0,0.0,0.0,0.656,0.0994671403197158,0,0.16831648320491438,0.21224671625470795
0.5454545454545454,0.8333333333333334,0.4444444444444444,0.1,0.21428571428571427,0.17592592592592593,0.10921501706484643,0.4375,0.3747511418198852,0.14242148627681772,0.07973071991207181,0.26489499288156393,0.05725000106513142,0.0,0.389352166528466,0.34375,0.3894736842105263,0.5228065248426128,0.9156453548165923,0.7408450704225352,0.0,0.0,0.0,0.872,0.2912966252220249,0,0.1896014671938012,0.21224671625470795
0.7272727272727273,0.33333333333333337,0.5,0.0,0.21428571428571427,0.5555555555555555,0.0887372013651877,0.75,0.8046316898934301,0.1926149840386639,0.055321487451914265,0.7061241832423981,0.08179791087057646,0.003596177532756211,0.5259753879653215,0.4375,0.11578947368421053,0.5508670926068946,0.7653411038738429,0.21408450704225354,0.0,0.0,0.0,0.632,0.2649496743635287,0,0.1901071564085989,0.21224671625470795
0.1818181818181818,0.6666666666666666,0.2222222222222222,0.30000000000000004,0.07142857142857142,0.09259259259259259,0.33447098976109213,1.0,0.1849455439747043,0.4228862375831506,0.030087928191976553,0.18718448681488692,0.621869201085582,0.728469163216533,1.0,0.8125,0.9263157894736842,0.22310374686980727,0.8228809564621186,0.619718309859155,0.0,0.0,0.0,0.736,0.13913558318531677,0,0.13363841254949171,0.14760316732784373
0.09090909090909091,0.0,0.5555555555555556,1.0,0.07142857142857142,0.07407407407407407,0.8430034129692833,1.0,0.07000234219463637,0.3382198205910153,0.015936984795750137,0.15100141204627973,0.621869201085582,0.728469163216533,1.0,0.71875,0.28421052631578947,0.0673781272671955,0.015255399382927859,0.8028169014084507,0.023215821152192607,0.0,0.0,0.5599999999999999,0.36412078152753113,0,0.2627708627761088,0.3301204749341901
0.9999999999999999,0.6666666666666666,0.5555555555555556,0.30000000000000004,0.0,0.3796296296296296,0.22184300341296925,0.375,0.3660557442323457,0.6769389902448594,0.22581974720644804,0.3295760252468753,0.9285148853085841,0.41378505475033117,0.6379310766886747,0.0,0.17894736842105263,0.5564604835123685,0.8142140898183065,0.6084507042253522,0.0,0.0,0.0,0.528,0.3244523386619302,1,0.1550270410421471,0.36937394699542697
0.1818181818181818,0.16666666666666666,0.9444444444444444,0.30000000000000004,0.21428571428571427,0.537037037037037,0.48805460750853247,0.125,0.5404321349104111,0.6484939275587182,0.3766257556328998,0.4507836100191261,0.8730825019821128,0.2818775319682194,0.7669683459233042,0.5625,0.18947368421052632,0.3926841255353507,0.8400111415838188,0.5183098591549296,0.0,0.0,0.0,0.528,0.21847246891651864,0,0.3337636003001049,0.21224671625470795
0.7272727272727273,0.33333333333333337,0.38888888888888884,0.1,0.14285714285714285,0.3148148148148148,0.07508532423208189,0.8125,0.48351680524651597,0.5452624257664117,0.11787873236856568,0.6309663029648315,0.2323281720291838,0.09813984418242278,0.41409858354947704,0.4375,0.4421052631578947,0.3627980996512906,0.4385713061364416,0.6901408450704226,0.0,0.0,0.0,0.704,0.22528123149792778,0,0.13224818962400686,0.14760316732784373
0.0,0.0,0.611111111111111,0.1,0.21428571428571427,0.14814814814814814,0.3378839590443686,0.875,0.1863508607565289,0.9075758386389172,0.23204799413812052,0.23817414150962068,1.0,0.17732779474678284,0.4136087725182285,0.5,0.23157894736842105,0.4852910201502493,0.885702348303051,0.09577464788732395,0.0,0.0,0.0,0.376,0.1654825340438129,1,0.2055259989210461,0.21224671625470795
0.9999999999999999,0.0,0.16666666666666666,0.1,0.07142857142857142,0.6388888888888888,0.28668941979522183,0.125,0.7637896709216536,0.6566975193051915,0.24496244733467668,0.7061241832423981,0.8730825019821128,0.2818775319682194,0.7669683459233042,0.5625,0.11578947368421053,0.5508670926068946,0.7653411038738429,0.619718309859155,0.0008598452278589854,0.01744186046511628,0.0,0.32,0.19863824748371817,0,0.10115086611685385,0.1255118678665223
0.8181818181818182,0.16666666666666666,0.7222222222222222,0.0,0.2857142857142857,0.7222222222222221,0.28668941979522183,0.125,0.7241187492680642,0.6650170313698215,0.5974995420406668,0.660481213265552,0.8730825019821128,0.2818775319682194,0.7669683459233042,0.125,0.14736842105263157,0.3382714315804254,0.667595131984916,0.008450704225352114,0.04299226139294927,0.0,0.0,0.448,0.3179396092362345,1,0.23181178269542796,0.3301204749341901
0.09090909090909091,0.33333333333333337,0.5,0.20000000000000004,0.07142857142857142,0.1111111111111111,0.020477815699658702,0.25,0.13051879611195688,0.04759866602464644,0.005129144531965561,0.15415377917365608,0.0,0.0,0.8684696622603216,0.5,0.5368421052631579,0.4139343303143065,0.7784538909838875,0.3887323943661972,0.0008598452278589854,0.0,0.0,0.576,0.1921255180580225,0,0.1501461843603106,0.21224671625470795
0.7272727272727273,0.9999999999999999,0.4444444444444444,0.0,0.14285714285714285,0.3055555555555555,0.10921501706484643,0.75,0.37431198032556506,0.1926149840386639,0.128228613299139,0.26489499288156393,0.08179791087057646,0.003596177532756211,0.5259753879653215,0.375,0.3894736842105263,0.5228065248426128,0.9156453548165923,0.7408450704225352,0.0,0.0,0.0,0.712,0.2847838957963292,0,0.17119083009784997,0.21224671625470795
0.36363636363636365,0.0,0.611111111111111,0.30000000000000004,0.21428571428571427,0.648148148148148,0.10921501706484643,0.1875,0.7102705234805012,0.19776897972286128,0.22430848140685106,0.660481213265552,0.056624091103983545,1.0,0.44954747284006497,0.0,0.14736842105263157,0.3382714315804254,0.667595131984916,0.09014084507042254,0.0,0.0,0.0,0.7919999999999999,0.4899348727057431,0,0.23477118940106217,0.21224671625470795
0.0,0.16666666666666666,0.5,0.4,0.14285714285714285,0.10185185185185185,0.10921501706484643,0.8125,0.23972362103290784,0.5040126263977316,0.17530683275325148,0.2317259908478913,0.2323281720291838,0.09813984418242278,0.41409858354947704,0.0625,0.7894736842105263,0.5229235413887523,0.5075741343846418,0.5126760563380282,0.0,0.0,0.07936507936507936,0.392,0.0793368857312019,0,0.17779275580651752,0.21224671625470795
0.6363636363636364,0.9999999999999999,0.9444444444444444,0.1,0.4285714285714286,0.15740740740740738,0.3378839590443686,0.875,0.2355076706874341,0.9755586467640397,0.27610368199303903,0.23817414150962068,1.0,0.17732779474678284,0.4136087725182285,0.25,0.23157894736842105,0.4852910201502493,0.885702348303051,0.1943661971830986,0.0008598452278589854,0.0,0.0,0.848,0.11249259917110715,1,0.2877012740133845,0.21224671625470795
0.9999999999999999,0.0,0.6666666666666666,0.30000000000000004,0.14285714285714285,0.42592592592592593,0.2593856655290102,1.0,0.7637896709216536,0.4063452998769462,0.2743634365268364,0.7061241832423981,0.621869201085582,0.728469163216533,1.0,0.40625,0.11578947368421053,0.5508670926068946,0.7653411038738429,0.5802816901408451,0.0,0.0,0.0,0.36000000000000004,0.3046181172291296,0,0.20979294944273383,0.21224671625470795
0.9090909090909091,0.8333333333333334,0.16666666666666666,0.20000000000000004,0.0,0.05555555555555555,0.15699658703071673,0.3125,0.07846352031853847,0.15883758671731493,0.01863894486169628,0.06841102304091676,0.05977145765366651,0.0,0.37350966867528246,0.0,0.12631578947368421,0.48229539656907483,0.8000192835104559,0.6084507042253522,0.0,0.0,0.0,0.464,0.11249259917110715,0,0.08034869306318264,0.07913848534910893
0.9999999999999999,0.0,0.1111111111111111,0.20000000000000004,0.07142857142857142,0.28703703703703703,0.020477815699658702,0.8125,0.5868661435765312,0.578629643500437,0.20489100567869573,0.6222891447050592,0.2323281720291838,0.09813984418242278,0.41409858354947704,0.5,0.9052631578947368,0.4992861990685483,0.5834976002742545,0.695774647887324,0.0,0.0,0.0,0.384,0.23830669034931914,0,0.10358307227430172,0.1255118678665223
0.36363636363636365,0.16666666666666666,0.4444444444444444,0.30000000000000004,0.14285714285714285,0.018518518518518517,0.3890784982935154,0.375,0.06596205644689074,0.7133290531985091,0.012135922330097087,0.07717339299704204,0.9285148853085841,0.41378505475033117,0.6379310766886747,0.71875,0.7999999999999999,0.25961290926537006,0.6521790366815221,0.04507042253521127,0.0008598452278589854,0.0,0.0,0.7999999999999999,0.2847838957963292,0,0.19256898259449196,0.21224671625470795
0.5454545454545454,0.33333333333333337,0.7222222222222222,0.1,0.3571428571428571,0.15740740740740738,0.10921501706484643,0.75,0.3747511418198852,0.1901717404098229,0.12108444770104415,0.26489499288156393,0.08179791087057646,0.003596177532756211,0.5259753879653215,0.3125,0.3894736842105263,0.5228065248426128,0.9156453548165923,0.5098591549295775,0.2295786758383491,0.0,0.0,0.84,0.2847838957963292,0,0.572647442366047,0.4277788680726438
0.6363636363636364,0.0,0.05555555555555555,0.1,0.0,0.26851851851851855,0.3378839590443686,0.875,0.21363742827028925,0.9755586467640397,0.16243817549001646,0.22186657850593167,1.0,0.17732779474678284,0.4136087725182285,0.40625,0.8105263157894737,0.3345034987947294,0.4516519540623929,0.6084507042253522,0.0,0.0,0.0,0.6799999999999999,0.15896980461811724,0,0.08637075059827556,0.07913848534910893
0.7272727272727273,0.6666666666666666,0.5555555555555556,0.4,0.0,0.24074074074074076,0.3617747440273037,0.625,0.32641410001171095,0.16100440497208995,0.20603590401172375,0.3263477591768457,0.21043704860214088,0.45934387006324034,0.5396937616619154,0.34375,0.42105263157894735,0.5599007699688735,0.9463918409324648,0.6084507042253522,0.0,0.0,0.0,0.712,0.1853167554766134,1,0.19721572278799135,0.36937394699542697
0.7272727272727273,0.6666666666666666,0.611111111111111,0.30000000000000004,0.14285714285714285,0.21296296296296297,0.27303754266211605,1.0,0.32641410001171095,0.4071210743138409,0.054039201318922876,0.3263477591768457,0.621869201085582,0.728469163216533,1.0,0.625,0.42105263157894735,0.5599007699688735,0.9463918409324648,0.15774647887323945,0.0,0.0,0.0,0.624,0.35760805210183544,0,0.22148573050101894,0.21224671625470795
0.09090909090909091,0.0,0.6666666666666666,0.0,0.3571428571428571,0.027777777777777776,0.3378839590443686,0.875,0.006850919311394775,0.7966400941629662,0.025874702326433414,0.025072261148239246,1.0,0.17732779474678284,0.4136087725182285,0.28125,0.7368421052631579,0.4928268857216409,0.42400154268083656,0.5492957746478874,0.0,0.0,0.12301587301587301,0.392,0.026346950858496154,0,0.20506726176338785,0.21224671625470795
0.7272727272727273,0.9999999999999999,0.5,0.20000000000000004,0.21428571428571427,0.49999999999999994,0.020477815699658702,0.3125,0.5351914744115236,0.15717011752536872,0.3574372595713501,0.4507836100191261,0.05977145765366651,0.0,0.37350966867528246,0.46875,0.18947368421052632,0.3926841255353507,0.8400111415838188,0.6281690140845071,0.0,0.0,0.0,0.848,0.06631142687981055,1,0.15167156474804835,0.21224671625470795
0.9090909090909091,0.8333333333333334,0.3333333333333333,0.30000000000000004,0.07142857142857142,0.16666666666666669,0.3754266211604096,1.0,0.1811102002576414,0.3953150357569597,0.03654515479025462,0.22186657850593167,0.621869201085582,0.728469163216533,1.0,0.4375,0.8105263157894737,0.3345034987947294,0.4516519540623929,0.8760563380281691,0.0,0.0,0.0,0.728,0.0994671403197158,0,0.10536961053337682,0.14760316732784373
0.7272727272727273,0.0,0.7777777777777777,0.20000000000000004,0.2857142857142857,0.09259259259259259,0.10921501706484643,0.75,0.04128118046609673,0.1926149840386639,0.015341637662575562,0.05100897865866081,0.08179791087057646,0.003596177532756211,0.5259753879653215,0.34375,0.3157894736842105,0.2818928596503545,0.8319549194377784,0.6873239436619719,0.0,0.0,0.0,0.776,0.13232682060390763,0,0.2215188209330977,0.21224671625470795
0.09090909090909091,0.0,0.1111111111111111,0.30000000000000004,0.0,0.3148148148148148,0.4402730375426621,1.0,0.4517507904906898,0.3382198205910153,0.2142333760762044,0.6222891447050592,0.621869201085582,0.728469163216533,1.0,0.125,0.9052631578947368,0.4992861990685483,0.5834976002742545,0.6084507042253522,0.0,0.0,0.0,0.35200000000000004,0.2516281823564239,0,0.08955013454561661,0.07913848534910893
0.36363636363636365,0.0,0.611111111111111,0.4,0.21428571428571427,0.14814814814814814,0.19112627986348124,0.625,0.20625951516571028,0.17213275551513205,0.09191243817549002,0.3074922267608962,0.21043704860214088,0.45934387006324034,0.5396937616619154,0.4375,0.22105263157894736,0.17866086264597814,0.8484101816935207,0.5211267605633804,0.030094582975064486,0.0,0.0,0.776,0.14564831261101244,1,0.22345748537786314,0.3301204749341901
0.6363636363636364,0.33333333333333337,0.2777777777777778,0.0,0.14285714285714285,0.5925925925925926,0.020477815699658702,0.8125,0.845268766834524,0.6108554919479964,0.26245649386334496,0.7061241832423981,0.2323281720291838,0.09813984418242278,0.41409858354947704,0.15625,0.11578947368421053,0.5508670926068946,0.7653411038738429,0.4507042253521127,0.0,0.0,0.0,0.7839999999999999,0.23179396092362345,0,0.138327134338752,0.14760316732784373
0.5454545454545454,0.33333333333333337,0.8333333333333333,0.1,0.21428571428571427,0.6388888888888888,0.22184300341296925,0.375,0.3868427216301675,0.7568259233499189,0.2398333028027111,0.3295760252468753,0.9285148853085841,0.41378505475033117,0.6379310766886747,0.03125,0.17894736842105263,0.5564604835123685,0.8142140898183065,0.1915492957746479,0.0,0.0,0.0,0.728,0.14564831261101244,0,0.2047003215956974,0.21224671625470795
0.9090909090909091,0.0,0.16666666666666666,0.30000000000000004,0.0,0.2777777777777778,0.5017064846416383,0.375,0.36274739430846703,0.663483316391133,0.10400256457226599,0.26489499288156393,0.9285148853085841,0.41378505475033117,0.6379310766886747,0.03125,0.3894736842105263,0.5228065248426128,0.9156453548165923,0.6084507042253522,0.0,0.0,0.0,0.504,0.2581409117821196,0,0.11818336932858639,0.07913848534910893
0.0,0.16666666666666666,0.4444444444444444,0.1,0.07142857142857142,0.25925925925925924,0.3754266211604096,1.0,0.3517683569504626,0.3623490806627076,0.19518226781461806,0.4280109005782056,0.621869201085582,0.728469163216533,1.0,0.28125,0.8210526315789474,0.4488520676823702,0.39607259170380527,0.8338028169014085,0.04901117798796216,0.0,0.0,0.528,0.33777383066903494,1,0.18375956685723133,0.3301204749341901
0.1818181818181818,0.5,0.8333333333333333,0.1,0.5,0.5185185185185185,0.020477815699658702,0.8125,0.37076941093804894,0.5638007597239313,0.19362520608169992,0.35178461463243144,0.2323281720291838,0.09813984418242278,0.41409858354947704,0.5625,0.5157894736842105,0.6189239158417001,0.7084333219060678,0.46478873239436624,0.0,0.0,0.0,0.688,0.3179396092362345,0,0.2911537622135199,0.21224671625470795
0.5454545454545454,0.6666666666666666,0.38888888888888884,0.1,0.2857142857142857,0.1111111111111111,0.3378839590443686,0.875,0.14369364094156223,1.0,0.05939732551749404,0.16991724454243531,1.0,0.17732779474678284,0.4136087725182285,0.46875,0.6947368421052631,0.6353764422289312,0.39371571820363394,0.7859154929577465,0.0,0.0,0.0,0.696,0.22528123149792778,1,0.14349927769340484,0.14760316732784373
0.0,0.9999999999999999,0.4444444444444444,0.30000000000000004,0.21428571428571427,0.24074074074074076,0.10921501706484643,0.6875,0.6345883592926572,0.10956253455317175,0.1488367832936435,0.660481213265552,0.05562658583545617,0.0,0.3794301593737799,0.40625,0.14736842105263157,0.3382714315804254,0.667595131984916,0.10422535211267606,0.0,0.0,0.0,0.624,0.3774422735346359,0,0.20373041970751962,0.21224671625470795
0.8181818181818182,0.5,0.16666666666666666,0.20000000000000004,0.07142857142857142,0.12962962962962965,0.3378839590443686,0.875,0.143898582972245,0.9761293314072726,0.15959882762410696,0.13328971860350602,1.0,0.17732779474678284,0.4136087725182285,0.34375,0.39999999999999997,0.4752510004914694,0.7390083990401096,0.008450704225352114,0.0008598452278589854,0.0,0.0,0.5599999999999999,0.23830669034931914,0,0.110643480782376,0.1255118678665223
0.4545454545454545,0.9999999999999999,0.38888888888888884,0.20000000000000004,0.21428571428571427,0.7592592592592592,0.0,0.1875,0.7111488464691416,0.19240097729745154,0.2287506869389998,0.660481213265552,0.056624091103983545,1.0,0.44954747284006497,0.5,0.14736842105263157,0.3382714315804254,0.667595131984916,0.8394366197183099,0.0,0.0,0.0,0.7839999999999999,0.17229129662522202,0,0.13452563547166418,0.14760316732784373
0.09090909090909091,0.6666666666666666,0.5,0.30000000000000004,0.2857142857142857,0.12037037037037036,0.15699658703071673,0.3125,0.08013233399695514,0.13259501007615074,0.0013280820663125114,0.0948781018745409,0.05977145765366651,0.0,0.37350966867528246,0.125,0.35789473684210527,0.4881462238760561,0.6924065821049024,0.22535211267605634,0.0,0.0,0.047619047619047616,0.248,0.20515097690941386,0,0.16976272288611752,0.21224671625470795
0.09090909090909091,0.9999999999999999,0.8333333333333333,0.20000000000000004,0.21428571428571427,0.32407407407407407,0.10921501706484643,0.8125,0.212115001756646,0.456619050166747,0.1527294376259388,0.2317259908478913,0.2323281720291838,0.09813984418242278,0.41409858354947704,0.15625,0.7894736842105263,0.5229235413887523,0.5075741343846418,0.8028169014084507,0.013757523645743766,0.1744186046511628,0.12301587301587301,0.41600000000000004,0.5562462995855536,1,0.5012153295446502,0.3301204749341901
0.8181818181818182,0.5,0.3333333333333333,0.5000000000000001,0.07142857142857142,0.42592592592592593,0.3890784982935154,0.375,0.9510481320997776,0.7198651757530362,0.9630426818098553,1.0,0.9285148853085841,0.41378505475033117,0.6379310766886747,0.6875,0.042105263157894736,0.3557537035736852,0.8026118443606444,0.7183098591549296,0.017196904557179708,0.0,0.0,0.688,0.4769094138543517,0,0.19590500440784367,0.2168508202460431
0.5454545454545454,0.5,0.2222222222222222,0.0,0.0,0.3055555555555555,0.33447098976109213,1.0,0.4126946949291486,0.4439926524352184,0.23813885326982961,0.37706292045627837,0.621869201085582,0.728469163216533,1.0,0.5625,0.29473684210526313,0.27014439841793625,0.6857002056907782,0.6084507042253522,0.0,0.0,0.0,0.7999999999999999,0.35109532267613974,0,0.12103109937665336,0.14760316732784373
0.6363636363636364,0.0,0.611111111111111,0.1,0.14285714285714285,0.05555555555555555,0.39590443686006827,0.375,0.08748096966857946,0.7622206766179802,0.016532331928924712,0.06372717356761118,0.9285148853085841,0.41378505475033117,0.6379310766886747,0.59375,0.6842105263157895,0.504364717171008,0.8192063764141241,0.5802816901408451,0.009458297506448839,0.0,0.0,0.7919999999999999,0.0994671403197158,0,0.2044322611347176,0.3301204749341901
0.9090909090909091,0.6666666666666666,0.4444444444444444,0.20000000000000004,0.21428571428571427,0.1111111111111111,0.19112627986348124,0.625,0.21650661669984778,0.17042070158543327,0.09864444037369482,0.3074922267608962,0.21043704860214088,0.45934387006324034,0.5396937616619154,0.28125,0.22105263157894736,0.17866086264597814,0.8484101816935207,0.14084507042253522,0.0017196904557179708,0.0,0.0,0.768,0.13232682060390763,0,0.13571751548598868,0.21224671625470795
0.9090909090909091,0.33333333333333337,0.7777777777777777,0.1,0.4285714285714286,0.037037037037037035,0.2901023890784983,0.1875,0.02875043916149432,0.17775934941950672,0.009159186664224217,0.028276081239806898,0.056624091103983545,1.0,0.44954747284006497,0.34375,0.4842105263157895,0.3887289662758313,0.7431329276654096,0.15774647887323945,0.0,0.0,0.0,0.448,0.14564831261101244,0,0.21756895363125778,0.21224671625470795
0.36363636363636365,0.5,0.2777777777777778,0.1,0.07142857142857142,0.10185185185185185,0.28668941979522183,0.125,0.1306359058437756,0.6537192588233196,0.04245283018867924,0.11701451741892377,0.8730825019821128,0.2818775319682194,0.7669683459233042,0.59375,0.7263157894736842,0.4080366963888693,0.86308707576277,0.6873239436619719,0.0,0.0,0.0,0.848,0.20515097690941386,0,0.12903011433198736,0.14760316732784373
0.6363636363636364,0.6666666666666666,0.16666666666666666,0.20000000000000004,0.07142857142857142,0.24074074074074076,0.4709897610921502,0.9375,0.3841199203653824,0.11337007115724146,0.07634182084630885,0.42672806875606056,0.171586476471634,0.026330430789386714,0.5297091086615016,0.0625,0.4631578947368421,0.4128343747805939,0.4734530339389784,0.5183098591549296,0.0,0.0,0.0,0.944,0.17880402605091772,1,0.1056765635370339,0.1255118678665223
0.8181818181818182,0.8333333333333334,0.1111111111111111,0.1,0.0,0.037037037037037035,0.3378839590443686,0.875,0.03258578287855721,0.9761293314072726,0.04817732185381938,0.03481782507621907,1.0,0.17732779474678284,0.4136087725182285,0.5625,0.021052631578947368,0.388541739802008,0.5650068563592734,0.6084507042253522,0.0,0.0,0.0,0.704,0.1654825340438129,0,0.08764781067998326,0.07913848534910893
0.9090909090909091,0.5,0.611111111111111,0.20000000000000004,0.21428571428571427,0.25,0.10921501706484643,0.8125,0.3542276613186556,0.5432204447773439,0.17265066862062647,0.3295760252468753,0.2323281720291838,0.09813984418242278,0.41409858354947704,0.0,0.17894736842105263,0.5564604835123685,0.8142140898183065,0.8985915492957747,0.002579535683576956,0.011627906976744186,0.0,0.384,0.33777383066903494,0,0.20583183972198396,0.21224671625470795
0.5454545454545454,0.0,0.16666666666666666,0.0,0.07142857142857142,0.2962962962962963,0.0887372013651877,0.3125,0.29573135027520786,0.16782586984823356,0.111192526103682,0.20602837828871168,0.05977145765366651,0.0,0.37350966867528246,0.28125,0.7684210526315789,0.4777083479604015,0.8817813678436749,0.053521126760563385,0.0,0.0,0.0,0.848,0.08614564831261101,0,0.10338228435349199,0.1255118678665223
0.9090909090909091,0.8333333333333334,0.2777777777777778,0.20000000000000004,0.14285714285714285,0.37037037037037035,0.07508532423208189,0.8125,0.37814732404262796,0.5432204447773439,0.054130793185565115,0.4089989139000998,0.2323281720291838,0.09813984418242278,0.41409858354947704,0.3125,0.6526315789473685,0.3509560251819607,0.5071241858073363,0.8760563380281691,0.0,0.0,0.0,0.728,0.0994671403197158,0,0.10757404858302665,0.14760316732784373
0.7272727272727273,0.9999999999999999,0.7222222222222222,0.30000000000000004,0.21428571428571427,0.8055555555555555,0.39590443686006827,0.125,0.7152476870827966,0.6326663456565549,0.5908133357757831,0.660481213265552,0.8730825019821128,0.2818775319682194,0.7669683459233042,0.625,0.14736842105263157,0.3382714315804254,0.667595131984916,0.28169014084507044,0.0,0.0,0.0,0.872,0.3179396092362345,0,0.23657660464917665,0.21224671625470795
0.2727272727272727,0.9999999999999999,0.9444444444444444,0.0,0.21428571428571427,0.17592592592592593,0.10921501706484643,0.75,0.30934535659913337,0.18631070212045012,0.13111375709836964,0.20602837828871168,0.08179791087057646,0.003596177532756211,0.5259753879653215,0.15625,0.7684210526315789,0.4777083479604015,0.8817813678436749,0.47042253521126765,0.0,0.0,0.0,0.624,0.19863824748371817,0,0.3060228362684981,0.21224671625470795
0.9999999999999999,0.16666666666666666,0.2222222222222222,0.1,0.07142857142857142,0.14814814814814814,0.0887372013651877,0.3125,0.2925401100831479,0.16425909082802775,0.10656713683824877,0.20602837828871168,0.05977145765366651,0.0,0.37350966867528246,0.5,0.7684210526315789,0.4777083479604015,0.8817813678436749,0.3915492957746479,0.0,0.0,0.0,0.49600000000000005,0.13913558318531677,0,0.11636408693756418,0.14760316732784373
0.36363636363636365,0.33333333333333337,0.1111111111111111,0.4,0.07142857142857142,0.3425925925925926,0.19112627986348124,0.625,0.3439805597845181,0.17213275551513205,0.20626488367832935,0.3263477591768457,0.21043704860214088,0.45934387006324034,0.5396937616619154,0.4375,0.42105263157894735,0.5599007699688735,0.9463918409324648,0.8873239436619719,0.0,0.0,0.0,0.568,0.27146240378922437,0,0.11347078731520163,0.1255118678665223
0.4545454545454545,0.8333333333333334,0.4444444444444444,0.0,0.14285714285714285,0.16666666666666669,0.10921501706484643,0.75,0.37864504040285746,0.19089401316141458,0.12630518409965194,0.26489499288156393,0.08179791087057646,0.003596177532756211,0.5259753879653215,0.34375,0.3894736842105263,0.5228065248426128,0.9156453548165923,0.7126760563380282,0.0,0.0,0.0,0.752,0.34428656009473063,0,0.18978747348972771,0.21224671625470795
0.8181818181818182,0.9999999999999999,0.611111111111111,0.20000000000000004,0.21428571428571427,0.7499999999999999,0.27303754266211605,0.375,0.9510481320997776,0.7198651757530362,0.9630426818098553,1.0,0.9285148853085841,0.41378505475033117,0.6379310766886747,0.3125,0.042105263157894736,0.3557537035736852,0.8026118443606444,0.4535211267605634,0.014617368873602751,0.0,0.0,0.608,0.15896980461811724,0,0.1690146475538675,0.3301204749341901
0.4545454545454545,0.6666666666666666,0.7222222222222222,0.0,0.3571428571428571,0.7222222222222221,0.07508532423208189,0.8125,0.8140297458718819,0.5850052609990548,0.254533797398791,0.7061241832423981,0.2323281720291838,0.09813984418242278,0.41409858354947704,0.4375,0.11578947368421053,0.5508670926068946,0.7653411038738429,0.7605633802816901,0.0,0.0,0.0,0.656,0.21195973949082297,0,0.2531709431370299,0.21224671625470795
0.9090909090909091,0.0,0.05555555555555555,0.5000000000000001,0.0,0.25,0.3378839590443686,0.875,0.1811102002576414,0.9144151374101618,0.14444037369481588,0.22186657850593167,1.0,0.17732779474678284,0.4136087725182285,0.53125,0.8105263157894737,0.3345034987947294,0.4516519540623929,0.6084507042253522,0.0,0.0,0.0,0.616,0.1193013617525163,0,0.08748756841455746,0.07913848534910893
0.4545454545454545,0.5,0.3333333333333333,0.4,0.07142857142857142,0.49999999999999994,0.3754266211604096,1.0,0.6083265019323106,0.4293956092950262,0.2765158453929291,0.6222891447050592,0.621869201085582,0.728469163216533,1.0,0.46875,0.9052631578947368,0.4992861990685483,0.5834976002742545,0.3014084507042254,0.0,0.0,0.0,0.832,0.3179396092362345,0,0.15604761905502448,0.14760316732784373
0.9999999999999999,0.9999999999999999,0.7777777777777777,0.30000000000000004,0.21428571428571427,0.26851851851851855,0.3003412969283276,0.375,0.5104227661318655,0.6769389902448594,0.1358307382304451,0.6309663029648315,0.9285148853085841,0.41378505475033117,0.6379310766886747,0.5,0.4421052631578947,0.3627980996512906,0.4385713061364416,0.8028169014084507,0.08512467755803955,0.0,0.0,0.616,0.298105387803434,1,0.3154104739203494,0.4277788680726438
0.8181818181818182,0.5,0.7222222222222222,0.20000000000000004,0.2857142857142857,0.07407407407407407,0.2252559726962457,0.375,0.15110083147909592,0.7198651757530362,0.006503022531599193,0.14033039321938404,0.9285148853085841,0.41378505475033117,0.6379310766886747,0.59375,0.15789473684210525,0.33717147604671294,0.6694913438464176,0.04507042253521127,0.10748065348237316,0.0,0.0,0.696,0.33777383066903494,0,0.35063518847175773,0.4277788680726438
0.4545454545454545,0.6666666666666666,0.38888888888888884,0.1,0.21428571428571427,0.6574074074074073,0.020477815699658702,0.1875,0.8140297458718819,0.19240097729745154,0.266257556328998,0.7061241832423981,0.056624091103983545,1.0,0.44954747284006497,0.46875,0.11578947368421053,0.5508670926068946,0.7653411038738429,0.7746478873239437,0.0,0.0,0.0,0.704,0.2649496743635287,0,0.1540068463212866,0.14760316732784373
0.4545454545454545,0.5,0.7777777777777777,0.20000000000000004,0.4285714285714286,0.21296296296296297,0.3378839590443686,0.875,0.29034430261154703,0.9567617213275551,0.059809488917384135,0.20602837828871168,1.0,0.17732779474678284,0.4136087725182285,0.34375,0.7684210526315789,0.4777083479604015,0.8817813678436749,0.7126760563380282,0.0,0.0,0.0,0.8079999999999999,0.21847246891651864,1,0.3092570842376387,0.21224671625470795
0.0,0.16666666666666666,0.611111111111111,0.1,0.07142857142857142,0.6296296296296295,0.08532423208191126,0.4375,0.8707694109380489,0.1272894262835946,0.13615130976369297,1.0,0.05725000106513142,0.0,0.389352166528466,0.5,0.042105263157894736,0.3557537035736852,0.8026118443606444,0.4535211267605634,0.0,0.0,0.0,0.6,0.23830669034931914,0,0.21500903106610075,0.21224671625470795
0.09090909090909091,0.16666666666666666,0.7222222222222222,0.5000000000000001,0.21428571428571427,0.648148148148148,0.4675767918088737,0.125,0.5738376859116993,0.576186399871596,0.49615314160102586,0.660481213265552,0.8730825019821128,0.2818775319682194,0.7669683459233042,0.09375,0.14736842105263157,0.3382714315804254,0.667595131984916,0.8563380281690142,0.03611349957007738,0.0,0.0,0.384,0.2581409117821196,0,0.24610668158008073,0.3301204749341901
0.6363636363636364,0.16666666666666666,0.5555555555555556,0.0,0.21428571428571427,0.4074074074074074,0.2252559726962457,0.375,0.39615294530975526,0.7622206766179802,0.24445869206814433,0.3295760252468753,0.9285148853085841,0.41378505475033117,0.6379310766886747,0.53125,0.17894736842105263,0.5564604835123685,0.8142140898183065,0.09577464788732395,0.0,0.0,0.0,0.7839999999999999,0.22528123149792778,0,0.171968791296791,0.21224671625470795
0.0,0.6666666666666666,0.2222222222222222,0.5000000000000001,0.0,0.3796296296296296,0.39590443686006827,0.125,0.39454268649724794,0.6235086405221765,0.21775966294193075,0.4089989139000998,0.8730825019821128,0.2818775319682194,0.7669683459233042,0.15625,0.6526315789473685,0.3509560251819607,0.5071241858073363,0.6084507042253522,0.0,0.0,0.0,0.608,0.17229129662522202,0,0.10841887054321758,0.14760316732784373
0.5454545454545454,0.0,0.6666666666666666,0.7000000000000001,0.14285714285714285,0.17592592592592593,0.4402730375426621,1.0,0.41840379435531094,0.4439926524352184,0.24390914086829088,0.4280109005782056,0.621869201085582,0.728469163216533,1.0,0.34375,0.8210526315789474,0.4488520676823702,0.39607259170380527,0.5323943661971832,0.0,0.0,0.0,0.64,0.3774422735346359,0,0.2469916866958774,0.21224671625470795
0.6363636363636364,0.6666666666666666,0.38888888888888884,0.0,0.21428571428571427,0.6851851851851851,0.020477815699658702,0.8125,1.0000000000000002,0.6108554919479964,0.10766623923795567,1.0,0.2323281720291838,0.09813984418242278,0.41409858354947704,0.5,0.042105263157894736,0.3557537035736852,0.8026118443606444,0.27323943661971833,0.0,0.0,0.0,0.7919999999999999,0.19863824748371817,0,0.17181441845023362,0.14760316732784373
0.6363636363636364,0.8333333333333334,0.5555555555555556,0.20000000000000004,0.07142857142857142,0.2777777777777778,0.10921501706484643,0.1875,0.7626185736034665,0.20786296435004367,0.2519692251328082,0.660481213265552,0.056624091103983545,1.0,0.44954747284006497,0.03125,0.14736842105263157,0.3382714315804254,0.667595131984916,0.061971830985915494,0.041272570937231294,0.0,0.0,0.832,0.12581409117821196,0,0.20814242896265003,0.3301204749341901
0.7272727272727273,0.0,0.9444444444444444,0.20000000000000004,0.3571428571428571,0.19444444444444442,0.5017064846416383,0.375,0.24499355896474995,0.6755122786367771,0.18126030408499724,0.2317259908478913,0.9285148853085841,0.41378505475033117,0.6379310766886747,0.03125,0.7894736842105263,0.5229235413887523,0.5075741343846418,0.8,0.0,0.0,0.0,0.864,0.23179396092362345,0,0.2813310098633247,0.21224671625470795
0.2727272727272727,0.16666666666666666,0.8888888888888888,0.1,0.4285714285714286,0.08333333333333333,0.3378839590443686,0.875,0.18591169926220869,0.9377953738876108,0.1483788239604323,0.22186657850593167,1.0,0.17732779474678284,0.4136087725182285,0.40625,0.8105263157894737,0.3345034987947294,0.4516519540623929,0.5492957746478874,0.006018916595012898,0.0,0.0,0.6,0.17229129662522202,0,0.2869485636563195,0.3301204749341901
